user_id,salutation,first_name,last_name,street_address1,street_address2,city,province,postal_code,primary_phone_number,secondary_phone_number,fax_number,Preferred_contact_method
aabramowitz3t,Dr.,Vannie,Shrimpling,22 Dorton Pass,,Albuquerque,NM,87115,5051173066,,,f
aandreasie,Dr.,Crissy,Ewell,354 Tomscot Way,,Fort Worth,TX,76121,8174445759,,,w
aballintimear,Mrs,Amy,Rundall,888 Menomonie Avenue,,AlexanDr.ia,VA,22313,5716859112,,,a
abatcheldorni,Ms,Ives,Bahia,8 Westend Junction,,Oakland,CA,94627,5104128144,2563242351,,z
abateripmy,Mr,Romain,Stickland,5 Hansons Street,,Houston,TX,77293,2814323482,,,p
abauld92,Mrs,Karin,Lukianov,78204 Commercial Junction,,Houston,TX,77250,7132625958,,,z
ablanchbk,Prof.,Peter,Keppie,6 Hintze Circle,,Gainesville,FL,32627,3523862772,,,r
abountiffmb,Mr,Leif,Brisard,5 Caliangt Plaza,,Fort Worth,TX,76110,6829849505,,,o
abramsengc,Prof.,Elfreda,Ambroix,04 Colorado Court,,Salt Lake City,UT,84199,8017070570,,,k
abukowskio9,Ms,Rachael,Ossipenko,851 Eastwood Terrace,,Santa Rosa,CA,95405,7077520835,7631103350,,c
aburlessf5,Mrs,Robinette,Beardshaw,1636 6th Avenue,052 Onsgard Point,Madison,WI,53726,6088015849,,8013485867,m
aburnandd9,Dr.,Jefferey,Hathway,9799 Ramsey Pass,18 Macpherson Alley,Lexington,KY,40510,8595112838,,6158949849,k
abushnellp3,Prof.,Bradan,Oxtoby,833 Riverside Parkway,,Wilkes Barre,PA,18706,5709771554,,,x
acanbyg4,Prof.,Raf,Gifford,8 Milwaukee Terrace,,Erie,PA,16534,8141561528,,,w
acaveill11,Prof.,Leena,Tutchings,7 Charing Cross Court,,Boulder,CO,80328,3033159422,9163248483,,b
acharitylr,Dr.,Norry,Muglestone,17 Veith Street,,Memphis,TN,38188,9014648841,2151371804,,r
achurnip,Dr.,Sadella,Kohter,1 Pankratz Point,,Miami,FL,33111,7866251860,,,q
acleavecx,Ms,Ker,Wedon,148 Sachtjen Avenue,,El Paso,TX,88541,9158454727,,,i
acorkanpm,Ms,Micheline,Townsley,4857 Farragut Point,,Springfield,VA,22156,5713978021,8145291638,,v
acowdryaw,Prof.,Wittie,Reboul,2 Lakewood Gardens Street,,Henderson,NV,89074,7024395817,2055741992,,x
acrankhorniu,Dr.,Pall,Frisel,75 6th Pass,,Shawnee Mission,KS,66225,9137709127,,,c
acrasterod,Dr.,Chaddy,Gagie,990 Kinsman Way,,Columbia,SC,29240,8039827820,8177958796,,j
adaubenyft,Mrs,Gearalt,Doone,858 Mitchell Park,,Corona,CA,92878,9511412551,5027274283,,p
adevenport71,Mrs,Bogey,Rantoul,6 Arkansas Circle,,Topeka,KS,66611,7854805176,,,v
adowngatem4,Prof.,Allie,Crone,53073 Fordem Court,,Salt Lake City,UT,84145,8018263870,,,b
adronsfieldio,Mr,Abbie,Lewinton,63 Twin Pines Terrace,,Indianapolis,IN,46278,3171671273,,,z
aduchamjh,Mr,Beryl,Bettenay,70 Eastlawn Crossing,,Boise,ID,83711,2081375361,,,k
aeastabrook3w,Dr.,Kaylil,Hyrons,2213 Esch Place,,Birmingham,AL,35285,2052597216,,,y
aeastabrookn5,Dr.,Miof mela,Cejka,799 Carioca Point,,Louisville,KY,40233,5022625868,,,j
aeburah55,Mrs,Etty,Matuskiewicz,734 Pleasure Street,,Carson City,NV,89706,7753981702,,,s
aeyreee9,Dr.,Tedd,Nodin,4 Starling Street,,Seattle,WA,98158,3609683586,3056082863,,v
aeyrlap,Mr,Thor,D'Avaux,967 Golf View Dr.ive,,Naples,FL,34108,9414842412,,,u
afasey20,Ms,Bartlet,Palphramand,11 Vera Center,65 Prairieview Way,San Diego,CA,92160,6194354241,,8015744410,a
aferrari3c,Dr.,Regen,Elvish,5 Ramsey Way,,Utica,NY,13505,3159951884,5082676217,,y
afilese1,Mr,Jennifer,Tickel,293 Hanover Plaza,,Minneapolis,MN,55470,6128350209,,,j
ageggusc9,Dr.,Cati,People,37793 Rowland Circle,,Sunnyvale,CA,94089,4087498137,5048675136,,r
agillett1b,Dr.,Octavia,Bolesma,2 Warbler Trail,0355 Muir Junction,Fayetteville,NC,28314,9105060664,,5128096388,q
agoodley6o,Mrs,Aubrey,Jakov,4 Tennessee Court,,Nashville,TN,37210,6151279514,,,w
aholby2h,Dr.,Seth,Gaynes,2 Hansons Plaza,,Atlanta,GA,30323,4047264605,,,m
ahuxtonr1,Dr.,Lorrie,Slorance,6 Lukken Pass,,Fort Lauderdale,FL,33336,7541199246,,,t
ajacson4i,Ms,Darcee,Cettell,97674 Dawn Center,,Salt Lake City,UT,84130,8018873405,,,k
ajuschkala,Dr.,CassanDr.y,Torrisi,70 Bartelt Street,,Washington,DC,20337,2023092944,3363873470,,h
akearley43,Dr.,Christos,Getley,1 Shasta Center,,Winston Salem,NC,27105,3364855764,,,l
akeileyqa,Dr.,Marie,Wabey,1001 Bay Place,,Detroit,MI,48275,3137106839,,,n
akeydengm,Prof.,Gustavo,Glackin,43 Manley Street,,El Paso,TX,79968,9159469837,7132527939,,p
akeyson3h,Mr,Jeth,Ganderton,26 Dottie Junction,,Miami,FL,33129,3052234599,3364136951,,p
alappingd4,Prof.,Harmon,Stive,54 Coolidge Trail,,Anniston,AL,36205,2569107180,,,j
alavelleos,Ms,Luci,Luxmoore,1596 Carioca Avenue,,Buffalo,NY,14269,7162662158,,,u
aledrun3k,Dr.,Kassie,Cominoli,49398 Forest Terrace,,Topeka,KS,66611,7854847899,,,o
alerwillit,Dr.,Moina,Geldeford,1038 Independence Place,,Missoula,MT,59806,4069828752,,,g
alillymanoq,Prof.,Hermine,Arsey,06495 Basil Dr.ive,,El Paso,TX,88525,9152628086,,,c
alucejd,Mr,Calli,Handley,8 Laurel Way,,Richmond,VA,23225,7579282133,5022328834,,l
amacascaidhje,Dr.,Aymer,Rousell,7 Towne Street,,Santa Ana,CA,92705,6195119743,2021161046,,o
amaccallumpq,Mr,Lillian,Perton,8 Mallard Park,,Bradenton,FL,34210,9415525433,,,r
ameatonij,Mr,Elias,Tilbey,560 Mosinee Center,,Naples,FL,34114,2392340907,,,g
ameechanon,Dr.,Daphne,Halifax,5439 Glacier Hill Alley,,Newport Beach,CA,92662,9494674670,,,u
aminchinton66,Mr,Octavius,Blything,37369 Monument Court,,Huntington,WV,25721,3044702106,,,p
amingottikw,Dr.,Ofilia,Wrefford,1 Summerview Terrace,,Dayton,OH,45490,9371755702,,,f
amorgenhh,Dr.,Jemie,Wintersgill,9 Mesta Junction,,Tacoma,WA,98405,2535574498,,,k
anewsonaa,Ms,Nedi,Applegate,2 Lakewood Gardens Hill,,West Palm Beach,FL,33405,5613633582,2289629639,,j
anoad9w,Prof.,Timoteo,Matterface,17 Merrick Court,,New York City,NY,10125,2128593046,,,m
anower90,Dr.,Margeaux,Faulks,22 Manitowish Street,,Kansas City,MO,64187,8165752020,,,u
aocarroll8,Prof.,Eden,Bertomieu,397 Towne Point,,Columbia,SC,29225,8038783223,,,k
apanas23,Dr.,Gigi,Mc Gee,63933 Bultman Terrace,,San Antonio,TX,78240,2107647828,,,b
apauliam,Ms,Willdon,Blundin,79 Burning Wood Trail,,Tallahassee,FL,32314,8502588719,5016222165,,k
apaunsfordau,Dr.,Maxie,Ciccarello,4127 Dovetail Trail,,Savannah,GA,31405,9124006370,,,t
apawnsfordol,Mrs,Herc,Wither,5245 Becker Terrace,,Fort Worth,TX,76178,6826481305,,,g
apedel9i,Ms,Candida,Redler,1 Pankratz Center,,Houston,TX,77266,7135578329,,,m
apilgerfg,Prof.,Ric,Shorthill,46 Leroy Junction,,Dallas,TX,75367,2146398184,7123767012,,z
apozzibm,Dr.,Bradney,Read,7208 Parkside Dr.ive,,Modesto,CA,95397,2098635447,9163097223,,w
aprendeguestqf,Mr,Kipp,Crennell,85493 Esch Way,,Chattanooga,TN,37416,4237334502,7069310424,,p
aprottc5,Dr.,Channa,Straniero,94299 David Junction,66 Memorial Junction,Englewood,CO,80150,3039284026,,2029809170,h
aprovesto8,Prof.,Jinny,Rosso,60 Declaration Center,,Tampa,FL,33680,8134897033,2088057815,,u
apudney6s,Mrs,Malcolm,Angrick,6988 Harbort Parkway,,Decatur,IL,62525,2174546570,,,y
arefford28,Dr.,Farrand,Goare,96674 Brentwood Dr.ive,,Evanston,IL,60208,8471495913,,,z
arenneke9f,Mrs,Sharla,Stockings,9409 Artisan Avenue,,Huntington,WV,25709,3046923552,5304187916,,i
arichmont3q,Dr.,Flynn,Cormode,46843 Corscot Dr.ive,,Delray Beach,FL,33448,5614303239,,,j
ariddingp8,Mrs,Prisca,Flatt,477 Hauk Pass,,Long Beach,CA,90847,5624443719,,,t
arobertetdm,Ms,Nilson,Dellenty,4 International Way,,New York City,NY,10099,6464994677,,,c
arosenbushc1,Dr.,Cleopatra,Paulou,920 Ridgeway Alley,33295 Gulseth Junction,AlexanDr.ia,VA,22309,2028255263,2488605465,8054887530,w
aschneiderhu,Dr.,Lincoln,Rate,233 Center Point,,Chicago,IL,60646,8474358652,,,r
ascynerqj,Mr,Kalvin,Mustoe,4585 Fulton Crossing,,Chicago,IL,60663,3126789352,,,b
ascyone96,Dr.,Shellysheldon,Moodey,196 Mcguire Lane,,Chicago,IL,60646,7734790468,,,v
ashaves7t,Mrs,Caty,Prando,7 Sunfield Parkway,,Anniston,AL,36205,2568156698,4043997096,,e
asighardb5,Mr,Gasparo,Lomaz,9099 Nova Parkway,,Minneapolis,MN,55446,9528587820,,,q
asmurthwaitept,Dr.,Stillmann,Nickels,38 School Circle,,Montgomery,AL,36177,3346011404,,,s
asneyd95,Ms,Salvidor,Championnet,84 Sloan Crossing,,Huntsville,AL,35895,2562972599,,,a
astruys5e,Mrs,Raleigh,Gemnett,7746 Muir Point,,New York City,NY,10292,2128572689,,,j
astycheed,Dr.,Shirl,McCarney,5008 Anthes Court,,New York City,NY,10131,2129797594,6023964987,,u
asuthrenc4,Mrs,Klara,McIleen,7363 Sunbrook Avenue,39 Kinsman Point,Wichita,KS,67215,3162305829,,2518121706,f
atallboygo,Mrs,Fredek,Naisbit,82 Kennedy Way,,Oklahoma City,OK,73135,4059076199,,,r
ateaguep4,Mr,Daniele,DjuDr.ic,49668 Village Green Avenue,,Petaluma,CA,94975,7073711923,5735376159,,x
averna7k,Prof.,Ruprecht,Treacy,1875 8th Avenue,,Cincinnati,OH,45203,5139316671,,,p
avigiettiik,Dr.,Carlina,Schruur,2 Becker Junction,,Minneapolis,MN,55480,6125483298,,,p
awannopjz,Mr,Randolf,Payley,86 Killdeer Street,,Washington,DC,20319,2024634670,2817991999,,i
aweatherburncj,Ms,Dani,Woolston,404 Thompson Circle,656 Oriole Place,Austin,TX,78754,5125221788,5107634304,7865570203,e
bbaiss5h,Dr.,Mariya,Rembrant,1 Prentice Place,,Los Angeles,CA,90035,3236330137,,,x
bbandle,Dr.,Bourke,Duggary,21 Reindahl Crossing,,Dallas,TX,75310,2145019503,,,e
bberthelmt,Dr.,Celestia,Cornish,369 Kennedy Terrace,,Las Cruces,NM,88006,5059238174,,,e
bblanketdy,Prof.,Wallis,Kelloch,041 Sutteridge Road,,Corpus Christi,TX,78470,3619454218,,,i
bbloysng,Ms,Talia,Louisot,0174 Hanover Trail,,Fort Lauderdale,FL,33305,9544495502,,,n
bbonifacio2k,Dr.,Prentice,Witch,7843 Warrior Court,,Jersey City,NJ,7305,2015801988,,,n
bbotterelle6,Mr,Sybilla,MacDavitt,0 Oak Trail,,Dallas,TX,75210,2143151671,,,u
bbramfordnm,Ms,Nichole,Gauvin,12 Bobwhite Dr.ive,,Sacramento,CA,94291,9164318980,9196095198,,y
bbrokenshaw8q,Prof.,Hazel,Imlach,79833 Vernon Alley,,Baton Rouge,LA,70805,2252885085,7137483504,,a
bbrunettirk,Ms,Jameson,Pettko,69 Chinook Street,,Sacramento,CA,94250,9167651870,,,b
bbullockehn,Mrs,Cory,Rochester,3 Roth Avenue,,Glendale,CA,91210,8189883519,,,b
bcrimqw,Mrs,Lizzie,Meagher,0423 Bluejay Park,,Baton Rouge,LA,70883,2258553082,3055318398,,n
bdelayglesial,Prof.,Mathilde,Davidsohn,45156 Mayer Court,,Garland,TX,75049,2148144230,,,h
bdoxseyfi,Dr.,Gothart,Smye,10 Dawn Plaza,,Topeka,KS,66622,7854096858,,,k
bdummerbz,Dr.,Edee,Fullerton,7 Eastwood Point,,Bronx,NY,10459,9174856562,,,l
beppson8e,Mr,Evangeline,Iles,7 Cottonwood Road,,Houston,TX,77060,8323497064,,,e
bferenc3x,Mrs,Brenn,Willcock,1504 Columbus Terrace,19532 Rowland Terrace,Tampa,FL,33633,8137393138,,9514461959,f
bfiguraj2,Ms,Tallie,Pomfrey,28 Nelson Pass,,Orlando,FL,32813,4078124382,9199937733,,j
bfowlestonegz,Prof.,Corri,Tomblin,97634 Dottie Pass,,Pinellas Park,FL,34665,8505569902,,,c
bfullerm3,Prof.,Nonnah,Withey,866 Loftsgordon Street,,Washington,DC,20414,2023788341,,,a
bgibbie7,Mrs,Cordi,Bedson,594 Carberry Terrace,,Dallas,TX,75323,2148896470,,,y
bgritsaev61,Mrs,Udall,Thresher,3882 Garrison Alley,,Santa Fe,NM,87592,5058393478,,,e
bgutersonmq,Mr,Thomas,Jennins,64247 Reinke Road,24 Fisk Park,Memphis,TN,38181,9019389582,,8587208570,n
bgwynneh0,Prof.,Giulio,Craigs,1 Arizona Circle,,San Francisco,CA,94110,5625919149,,,j
bhacaudb3,Ms,Finn,McQuirter,62 Scott Terrace,9578 Browning Trail,Southfield,MI,48076,5866814023,,2531119179,u
bhallitt2,Mr,Peg,Sharrock,76 Kropf Junction,3 Dovetail Pass,ShDr.eport,LA,71161,3185731599,2548016781,3034929878,n
bhouldencm,Mrs,Delmar,Mulligan,67776 Oriole Pass,,Manassas,VA,22111,4341003650,5205082440,,h
bhoulthamae,Mrs,Noreen,Carberry,67 Golf View Crossing,,Appleton,WI,54915,9207044067,,,d
bhutone2,Dr.,Gorden,Smitheman,5 Susan Circle,,San Diego,CA,92196,6197434982,,,r
bjunkin3z,Prof.,Sigfrid,Napoli,823 Ridgeview Circle,,Phoenix,AZ,85053,6029421651,,,l
blafeefj,Mrs,Melli,Gimblet,95871 Kinsman Court,,South Lake Tahoe,CA,96154,5302284066,,,n
blapthorne8,Mrs,Pattie,Tetford,5266 Anzinger Pass,28385 Butterfield Circle,Salt Lake City,UT,84135,8015049079,,3309543795,g
blieber3y,Ms,Caresse,Aronowicz,5 Longview Pass,,Chicago,IL,60630,8478592488,6783472688,,h
blivzeykn,Prof.,TDr.or,Knappett,69 Buell Way,599 Brentwood Hill,Huntington,WV,25770,3045554410,,4056624231,n
bmanniee8,Ms,Kirsteni,Pallent,5142 Harper Point,,Chicago,IL,60652,3125895085,,,g
bmarklownd,Dr.,Florri,Harriman,7 Buell Parkway,,Inglewood,CA,90310,3101558089,,,b
bmaryff,Prof.,Elspeth,McGerraghty,7545 Vidon Dr.ive,,Denver,CO,80262,3033960373,,,u
bmuzziky,Prof.,Hannie,Dikes,87026 2nd Point,,Tampa,FL,33625,7274943419,,,x
bpamplingcq,Prof.,Lilllie,Molineux,4483 Donald Place,,Greensboro,NC,27425,3366942881,5188658784,,g
bplampinqv,Dr.,Abdul,Stains,08201 Reinke Alley,,Columbia,SC,29203,8033154971,,,p
braftqn,Mrs,Rayna,Achrameev,219 Jenna Way,,Charlottesville,VA,22908,4346985890,,,l
bregisrr,Mr,Kaine,Bohlmann,90 Grayhawk Parkway,,Saint Louis,MO,63116,3143362836,,,z
brouthamew,Mrs,Aubine,Jenk,3896 Chinook Park,,Milwaukee,WI,53210,4143137008,9079895026,,y
bsawreybn,Dr.,Flora,Cockney,8608 Tony Road,8 Division Terrace,Fort Lauderdale,FL,33305,9543408014,,7027031596,n
bshutteak,Dr.,Trista,Buard,01909 Prairie Rose Circle,,Olympia,WA,98516,2531938968,3863414382,,u
bsiemensgs,Mrs,Camile,TDr.on,7654 Schurz Avenue,4 Crownhardt Crossing,Seattle,WA,98104,2067517198,,6179421027,m
bskudder2w,Mrs,Joycelin,Frances,887 Clemons Crossing,,Gaithersburg,MD,20883,2402749944,5854539480,,f
bslee46,Dr.,Vernor,Cafe,61 Lerdahl Park,,Pensacola,FL,32526,8507596505,,,r
bstansall7x,Mr,Leopold,Caizley,556 Brown Crossing,5 Badeau Center,Brooklyn,NY,11220,7189672407,,6022427890,v
bstocky2b,Dr.,Currie,MacGiolla Pheadair,13174 Cody Pass,,Dayton,OH,45432,9375249555,,,l
btrencher1e,Mrs,Rosina,Arnau,42492 Bluejay Avenue,06 Transport Terrace,Columbus,OH,43268,6147152829,8066789637,2052605003,w
btrowle5m,Dr.,Norrie,Sherville,07 Helena Parkway,,Iowa City,IA,52245,3191463009,8053027450,,w
bvicef8,Prof.,Allie,Vedenyakin,0109 Red Cloud Alley,,Hampton,VA,23663,7579496106,2254880205,,i
caddionisio6v,Ms,Patricio,Brou,57 Briar Crest Park,,Mc Keesport,PA,15134,4126800794,3046682386,,u
cajsikm0,Dr.,Louisa,Lestrange,6 Oriole Crossing,,Kansas City,KS,66105,9132488411,,,v
callistonjk,Mrs,Gaelan,Peniman,82 Kinsman Plaza,,Irvine,CA,92619,9499496654,8593211538,,g
carmerhd,Ms,Aurlie,Lomansey,0 Randy Junction,,Richmond,CA,94807,5109702295,,,a
carndell1r,Dr.,Aeriel,Fransemai,8660 Arizona Street,,Saint Louis,MO,63158,3143321205,3177568748,,r
cavraam9q,Ms,Perkin,Dr.iussi,6 Reindahl Plaza,719 Gerald Circle,Evansville,IN,47725,8121667805,,5626964710,b
cbarberycp,Ms,Langston,Brymham,8 Hanson Lane,,San Jose,CA,95160,4085122747,,,v
cbarnsleygq,Dr.,Sascha,Argile,088 Clyde Gallagher Dr.ive,,Nashville,TN,37205,6153958438,,,e
cbavesterhy,Dr.,Christen,Jakubovicz,21 Stang Terrace,95850 Lake View Pass,Fredericksburg,VA,22405,5406994724,2128265288,5618874158,o
cbeesmv,Mrs,Cesaro,Butterley,2 Sutteridge Road,,New York City,NY,10090,2127365376,9176229411,,q
cbewickedq,Ms,Cam,Gillman,28456 Eastwood Alley,19469 Vidon Road,Migrate,KY,41905,5026216532,,4153968475,q
cbisset7f,Dr.,Mahalia,Wilsher,38 Arkansas Alley,,Tallahassee,FL,32304,8506632680,,,u
cbowsherdb,Dr.,Irvin,Kenforth,423 Lyons Point,,Phoenix,AZ,85077,6021432584,,,x
cbrackpooli0,Prof.,Tasia,McAviy,26 Lunder Alley,7289 Luster Alley,Topeka,KS,66629,7853612322,,9417323288,g
cbraleybl,Mr,Hyacinthe,Struttman,1878 Old Shore Center,,Saint Joseph,MO,64504,8164635556,4193829703,,d
cbuchamez,Mrs,Anjanette,Gaughan,11694 Sutteridge Avenue,,San Jose,CA,95160,4085796848,,,o
cburdettre,Mrs,Harriette,McGillivrie,1 Dexter Park,,New Orleans,LA,70129,5049996675,,,t
cburkartfk,Prof.,Benjie,Lasselle,45049 Fieldstone Alley,28678 Rockefeller Junction,Boulder,CO,80310,3034375217,,9155081266,j
ccawsyfp,Dr.,Lela,Dowthwaite,90433 Marcy Parkway,,New York City,NY,10110,9179356571,,,a
ccervantes6t,Mrs,Taylor,McQuilty,6753 Autumn Leaf Pass,16 Trailsway Lane,Newark,NJ,7112,2011573443,8162201383,9287778811,d
cchapleoqd,Dr.,Sephira,Roddie,8158 Holmberg Avenue,,Fort Worth,TX,76198,6822232429,,,x
ccootshe,Dr.,Lorne,Dorracott,24382 Eggendart Terrace,,Montgomery,AL,36119,3342413039,,,e
ccornborough33,Mr,Alano,Hutton,27938 Green Ridge Circle,,Denver,CO,80223,3034243548,,,r
ccowthardr3,Mrs,Lucina,Blanking,0144 Hayes Dr.ive,,Charlotte,NC,28284,7049214500,5745362655,,t
ccrampseyr7,Dr.,Abe,Wildash,2774 Twin Pines Street,,Savannah,GA,31416,9124591846,,,x
ccrump5t,Mrs,Ralina,Volkers,9 Dottie Crossing,,Washington,DC,20397,2021532959,,,m
ccuttenhs,Ms,Dacia,Sturges,38813 Almo Park,,Akron,OH,44315,3303361872,,,n
cdavioneb,Mr,SanDr.o,Stickford,8 Northfield Parkway,,Sacramento,CA,95818,9169906012,3101803857,,b
cdaynejc,Dr.,Babs,Ager,2102 Tony Junction,,San Diego,CA,92196,6192066124,,,d
cdenchpc,Mr,Ariel,Stear,4949 Grayhawk Hill,,Columbus,MS,39705,6623899296,,,z
celstowi1,Mr,Myra,Clemencon,17 Sloan Court,,Tyler,TX,75710,9038491047,,,p
cerrey6j,Dr.,Ada,Knoble,1 Surrey Lane,,Kansas City,MO,64190,8163706868,,,w
cespadad2,Ms,Gregorio,Friend,969 Hooker Terrace,,Washington,DC,20238,2021719895,,,t
cfishlock5,Prof.,Mayor,Portchmouth,0 Tennyson Court,,El Paso,TX,79940,9155993613,,,r
cgall5x,Mrs,Celisse,Henrionot,3 Mcbride Crossing,,Santa Ana,CA,92705,7142385168,,,r
cgarstan7b,Dr.,Orv,Edland,9 Jana Point,,Rochester,NY,14646,5855162678,,,l
cglowinskicv,Prof.,Hagan,Teaser,74544 Lake View Terrace,,Durham,NC,27705,4348540018,,,v
cgoomsn0,Ms,Glennie,Scrogges,73475 Paget Avenue,,Houston,TX,77085,2819710387,7149430710,,w
chilliamdu,Ms,Petronia,MacCoughen,08696 Ridge Oak Trail,97312 Fieldstone Terrace,Odessa,TX,79769,4323540401,,2069467454,h
chucquart4m,Mrs,Vaclav,Callis,70246 Sachs Lane,,Visalia,CA,93291,5593023858,,,l
chugningt,Mr,Woodman,Cottisford,05448 Hazelcrest Place,,San Francisco,CA,94110,5626097568,,,h
cikinlv,Dr.,Brita,Mountjoy,43 Sutherland Way,,Beaumont,TX,77713,4091287033,,,q
cioany,Prof.,Worth,Giovanizio,235 Harper Court,,South Bend,IN,46614,5743320744,6026096203,,s
cisaacsk9,Dr.,Pieter,Hritzko,6 Forest Crossing,4 Warrior Place,Washington,DC,20436,2022527639,,7656231220,f
cjeromeb7,Dr.,Marina,Hovell,596 Pleasure Alley,,El Paso,TX,79905,9152172491,9167598779,,p
cjudeeg,Ms,Bridget,McGolDr.ick,9 Mallory Parkway,,Seminole,FL,34642,9418322252,,,z
ckaszper98,Prof.,Dave,Gravenall,98601 Toban Alley,,Dayton,OH,45454,9378827100,4029107466,,g
ckingsmangw,Ms,Bobby,Doodson,9 Rutledge Dr.ive,,Memphis,TN,38150,9013418813,,,q
clagneauxlu,Prof.,Vin,Aveline,6 Onsgard Lane,,Corona,CA,92878,9512832076,,,d
clittonig,Prof.,Bettina,Taberer,252 Autumn Leaf Parkway,,Orlando,FL,32885,4076031381,,,i
cmannocklo,Prof.,Ashlin,Brute,9589 Moulton Lane,,Helena,MT,59623,4065299513,,,t
cmassimoi8,Mr,Terrel,Gorey,0 Meadow Vale Junction,,Dallas,TX,75216,9726678202,,,z
cmatteniq,Prof.,Paten,Dr.eley,52 Summer Ridge Point,,Port Charlotte,FL,33954,9411936651,,,n
cmazella1a,Mr,Jobi,Gollop,07 Almo Lane,,Rochester,NY,14624,5859119679,,,m
cmccurleylt,Dr.,Sal,Menichino,49673 Eggendart Way,,Palatine,IL,60078,8473947205,,,r
cmcevillyne,Prof.,Rayshell,Braithwaite,804 Thierer Pass,,Miami,FL,33175,3052663981,,,g
cmcianjw,Mr,Hatty,Feldmann,0 Holmberg Road,,Seattle,WA,98175,2063838742,5714920931,,y
cmerklefv,Mr,Fran,Callway,3059 Maple Wood Hill,,Saint Paul,MN,55114,6127580950,4047644790,,d
cmiskcb,Dr.,Courtnay,Vesque,0176 Waubesa Place,,Honolulu,HI,96810,8084983824,,,k
coenkh,Dr.,Izak,Croci,9 Cardinal Way,,Atlanta,GA,30380,4043469286,2088417023,,v
cpalmargf,Prof.,Ingaborg,Sallter,40 Huxley Street,,Charlottesville,VA,22908,4345386830,,,m
cpearcehouse4f,Dr.,Marin,Heathcote,37101 Anderson Alley,3 Helena Point,Portland,OR,97211,5032746458,,5621128838,v
cphilipard1n,Prof.,Madella,Brothers,42 Schmedeman Street,,Los Angeles,CA,90025,2131019648,,,n
cpiolajo,Prof.,Jordan,Vedenyakin,057 Warner Place,,Saint Paul,MN,55127,6517217211,7208397877,,g
cpre59,Mrs,Clair,Bennett,50 Vermont Circle,3 Prentice Park,Littleton,CO,80127,7208930657,,5598344520,v
craubenheim7p,Ms,Max,Lorans,6 Colorado Trail,,Panama City,FL,32405,8502805337,,,k
crippingall81,Ms,Suzette,Casaletto,03 Kropf Lane,,Salt Lake City,UT,84145,8011922717,,,i
croggieri7m,Prof.,Gustie,Mewett,6046 Morningstar Place,,El Paso,TX,79916,9152959866,,,j
crojel36,Dr.,Willabella,Longhirst,49200 Miller Park,,Tulsa,OK,74126,9188322198,,,a
cruminiy,Ms,Alma,Tart,10 Fallview Way,,Portland,OR,97240,9715897347,,,p
cscamwellhx,Ms,Berkley,Honig,84 Grover Crossing,,Trenton,NJ,8638,6098698489,7607691233,,j
cshiltonpp,Mrs,Arlene,Augustus,41249 Village Lane,,Oklahoma City,OK,73109,4052025344,,,a
cshoutt8y,Prof.,Bing,Gresswood,77 Shasta Center,,Palo Alto,CA,94302,3107071220,8188671865,,p
csoulsbyho,Mrs,Porter,Roscam,1 Moland Park,,Washington,DC,20580,2025049610,9041178773,,q
cspringtorp2i,Mrs,Roma,Memory,8314 Lindbergh Court,686 Hauk Park,Las Vegas,NV,89105,7026319942,,6097394189,y
csquire48,Dr.,Angelo,Toderi,1381 Graceland Pass,,Oakland,CA,94611,4159229867,,,i
cstandleybx,Ms,Leonidas,Mintoff,701 Hanover Pass,,Billings,MT,59105,4063231683,8285487162,,t
cstansfield41,Ms,Hugibert,Coomber,3 Westend Court,,Trenton,NJ,8638,6093638777,,,x
cstanway6l,Prof.,Consuelo,Bartram,878 Moose Avenue,,Charlotte,NC,28242,7042727145,4055870738,,y
cstirlandp9,Mrs,Susanetta,Chetwind,413 Mallard Circle,,Corona,CA,92878,9519780694,,,t
csumpter3n,Ms,Virgie,Giraudel,34 Atwood Hill,,Fort Lauderdale,FL,33320,7542021294,,,n
cthiemr2,Ms,Kassia,Falcus,09903 Melby Pass,,Columbus,OH,43210,6146754147,,,i
ctignernf,Prof.,Emilio,Trasler,762 Esker Alley,,Mobile,AL,36670,2513390213,,,k
cubsdallnp,Ms,Elka,Leates,85560 Granby Place,,Northridge,CA,91328,8182835187,7632358040,,c
cverbrugghena3,Dr.,Marlon,Noli,82635 Sunfield Dr.ive,,Wichita,KS,67210,3163683510,,,e
cvuittetl7,Dr.,Martyn,Gyse,8 Cascade Way,,Maple Plain,MN,55572,7639204953,,,j
cwoolliamsrh,Prof.,Thia,Headings,5427 Hanover Hill,,Corpus Christi,TX,78470,3614697455,5731667246,,z
cwortr0,Dr.,Ilyssa,Tigwell,3 Glendale Parkway,,Newark,NJ,7195,8624265002,8045800399,,z
cwyettj3,Prof.,Ewen,Beausang,2 East Dr.ive,,San Francisco,CA,94110,5622720206,,,t
cyairl4,Mr,Nerta,Kittless,5 Hoffman Pass,,Philadelphia,PA,19104,2677619077,,,a
cyairnt,Dr.,Grady,Dawidowicz,3 Muir Crossing,,Saint Louis,MO,63110,3144551292,,,n
dacklandsl0,Prof.,Sigismondo,McGreay,587 Cody Place,,Austin,TX,78710,5125476040,,,b
dalesin4c,Dr.,Annmarie,Gerriet,960 Manufacturers Terrace,083 Glendale Alley,Memphis,TN,38161,9013045972,,6612994802,o
dbeneixfz,Mr,Beverlee,MacCrackan,1 Melby Hill,,Fort Worth,TX,76129,8176611346,,,h
dbollongj,Dr.,Mill,Blackborough,80 Montana Avenue,,Tulsa,OK,74133,9186694449,,,r
dbroadburym2,Dr.,Jere,Bertelsen,615 Glacier Hill Park,,Cheyenne,WY,82007,3077760508,,,v
dbrobecklp,Mrs,Fredelia,Ashworth,292 Brickson Park Place,,Tulsa,OK,74116,9185568358,2029335139,,o
dbrunkeev,Prof.,Gage,Dittson,004 Bluestem Place,99 Declaration Trail,Amarillo,TX,79171,8061453326,7146975648,4048463706,l
dbyard8c,Prof.,Helli,Bolstridge,7989 Barby Alley,,Birmingham,AL,35215,2051190816,7064724265,,m
dcarragher2v,Dr.,Ade,Attaway,8414 Brown Street,,Huntington,WV,25705,3048401239,,,g
dcreggkr,Prof.,Sosanna,Di Bartolommeo,75 Melvin Junction,,San Jose,CA,95194,4086231163,,,d
ddelanygy,Dr.,Rudiger,Risdale,112 Petterle Point,,Hialeah,FL,33013,7863110789,,,x
dduchateaura,Prof.,Llywellyn,Beverley,5088 Stoughton Way,,Grand Junction,CO,81505,9706024505,,,i
dferrillioo0,Mrs,Bunnie,Balharrie,71197 Garrison Hill,,Fairfax,VA,22036,5711001967,5598270020,,b
dfortiekx,Prof.,Oliy,Tille,80333 Grasskamp Alley,,Little Rock,AR,72222,5016306934,,,f
dgerson30,Mrs,Viva,Noddings,164 Lunder Road,,Huntington Beach,CA,92648,7606779960,9568105711,,c
dgonzalez6y,Prof.,Rania,Dearnaley,52 Badeau Street,,Milwaukee,WI,53205,2627056816,2101410213,,k
dgoodliffe76,Mrs,Miranda,Corriea,5 Miller Circle,,Columbus,OH,43220,6146082600,,,s
dgresty2j,Ms,Allix,Magenny,07653 Melrose Park,,Colorado Springs,CO,80930,7194330326,,,h
dheikkinen2x,Dr.,Dr.e,Rolse,150 Rusk Way,,Houston,TX,77025,7136800885,,,y
dhiddersleyrn,Mrs,Clemmy,Gresley,4 Bellgrove Parkway,15 Forest Dale Trail,Charlotte,NC,28220,7048939770,,2024001413,m
dhursthouse4j,Dr.,Rafael,Caukill,18170 Calypso Dr.ive,,Charleston,SC,29403,8437498632,,,o
ditzhayek1d,Mrs,Shelia,Barizeret,70 Anhalt Court,,Battle Creek,MI,49018,2694577544,8649514576,,l
dkinavanno,Prof.,Eloisa,Huyghe,812 Troy Center,,Rochester,NY,14609,5851403338,,,l
dlander7e,Dr.,Lucia,Pionter,634 Paget Plaza,,Stockton,CA,95219,2095507931,,,c
dlethibridge2g,Ms,Yves,McCreary,11055 Duke Crossing,,Houston,TX,77206,7133429266,,,j
dlysaghtls,Prof.,Eziechiele,Dr.illot,4931 Orin Way,,Portland,ME,4109,2079583455,,,w
dmathevoncg,Dr.,Eberto,Mealand,28 Boyd Place,,Ocala,FL,34479,3522200955,3132121688,,g
dmathwinaj,Mr,Harland,Michelle,71020 Lawn Alley,,Durham,NC,27710,9196566909,2028531341,,r
dmckennandz,Dr.,Holly,Gore,5389 Stuart Hill,,Kansas City,MO,64114,8164677368,5053075809,,c
dmcmahon74,Prof.,Abramo,Bethel,77 Stuart Avenue,,Omaha,NE,68110,4022275162,,,q
dmorewoodbr,Dr.,Mair,Stirgess,04355 Colorado Court,,Oklahoma City,OK,73190,4059990631,,,s
dnuzzti3j,Prof.,Nelia,Pethybridge,068 Crowley Park,,Providence,RI,2912,4016113996,2138010042,,h
dpawelkeaz,Mr,Dulce,Nunan,90 Jackson Dr.ive,,Saint Petersburg,FL,33715,7276014411,,,n
dpeirsonf6,Mrs,Kriste,Kopp,0 Cascade Trail,,Boston,MA,2163,7817118270,,,v
dplaskett8i,Mrs,Aurie,Vlahos,293 Killdeer Junction,,San Francisco,CA,94110,4157925272,4089521753,,b
dreach84,Ms,Niki,Holbury,7 Lighthouse Bay Avenue,,Vienna,VA,22184,5715208991,6269141629,,u
drennerbq,Dr.,Phineas,Crebbin,25566 4th Court,,Brooklyn,NY,11241,3474134638,,,y
dsansomp6,Ms,Nickey,Gath,19 Arizona Plaza,,Hialeah,FL,33018,7865619395,,,d
dshawel4y,Prof.,Sybilla,Guidini,86490 Old Gate Parkway,61 Annamark Park,Worcester,MA,1605,5089375832,,5188488967,s
dsheadnq,Dr.,Cam,Mattussevich,1 Ohio Junction,,Milwaukee,WI,53285,4141458122,,,t
dskittrealac,Prof.,Pascale,Setter,1268 Superior Street,,Saint Joseph,MO,64504,8162186306,,,u
dsonscheinnb,Mrs,Marie-ann,Cluff,5 Summit Point,,Norman,OK,73071,4054572450,,,l
dstookeoc,Mrs,Holly,Shiers,9778 Aberg Alley,,Van Nuys,CA,91406,8057031487,,,p
dsturley67,Ms,Susan,Nickols,21 Messerschmidt Trail,,Arlington,TX,76016,8175814151,,,w
dtadgelli,Prof.,Dud,Terrill,29 Dakota Center,,Salem,OR,97306,5036439963,,,r
dtailby73,Dr.,Celina,Ridgers,0600 Bunting Junction,,Philadelphia,PA,19120,2677932201,,,r
dthay17,Dr.,Krystle,Tetther,882 Lakeland Street,,Tampa,FL,33686,8136836441,,,f
dtolwood2d,Dr.,Anita,Wolfers,279 Hanover Avenue,,Amarillo,TX,79188,8065909583,,,u
dtorbetqc,Prof.,Merrilee,McKenna,914 Sunnyside Lane,,New Haven,CT,6505,2037034797,,,e
dvalek1q,Prof.,Rahel,Pickle,0906 Towne Trail,,Frederick,MD,21705,2404770033,8647565628,,z
dvictoria9r,Mr,Nerte,Kehri,03 Fair Oaks Trail,,Pasadena,CA,91125,6263058166,,,c
dwevell5i,Mr,Alika,Oswell,80137 Spohn Parkway,,Sacramento,CA,94263,9165494371,,,h
dworsfoldi3,Mr,Moises,YegoDr.,73 Waywood Plaza,,New York City,NY,10292,2121038804,2024137262,,k
eaizikovitchmz,Mr,Osbourne,Nelson,602 Roxbury Trail,,Schenectady,NY,12325,5188665302,4807540294,,d
eapplewhite3u,Prof.,Sophie,Pritchitt,69 Nelson Lane,,Springfield,IL,62794,2173251277,,,s
ebernardonln,Mr,Nicol,McCroary,117 Maywood Dr.ive,,Akron,OH,44321,3305381652,2628885383,,i
ebezarrag,Mr,AuDr.e,Shipp,0602 Prentice Dr.ive,4388 Rutledge Circle,Lafayette,LA,70505,3372855267,8649583117,2513663635,z
eboayscw,Dr.,Johnathan,Domnin,6975 Lukken Street,3 Northview Hill,Santa Fe,NM,87505,5059528064,,2125307217,a
ebradmanqp,Dr.,Cobb,Ostick,2964 Mifflin Way,,Des Moines,IA,50981,5152714361,5139042922,,s
ebroadberryjs,Mrs,Caitrin,Pargetter,55 Cascade Point,,Norfolk,VA,23509,7574365138,,,c
ebrundallr5,Prof.,Marlee,Kluger,2 Rutledge Pass,,Charleston,SC,29416,8437810174,8037959372,,j
echarnock94,Mrs,Barnie,Rodson,64629 Commercial Lane,,Pittsburgh,PA,15220,4121347616,5011805985,,u
echristofle5l,Mrs,Yul,Areles,01393 Pearson Parkway,,Saint Cloud,MN,56372,3201160954,,,e
ecobleyk8,Prof.,Angelita,Gullberg,90 Jenna Place,,Cincinnati,OH,45218,5132554312,,,s
edarkinrb,Dr.,Pall,Coolbear,46765 Westridge Point,,Pasadena,CA,91103,3232124809,4129537418,,f
edenning19,Mr,Marianna,Zambon,429 Dapin Place,,Pomona,CA,91797,9097918127,2107419672,,w
edenziloegk,Mr,Dorothee,Claiden,23916 Evergreen Parkway,,Macon,GA,31296,4785429099,,,r
edraxfordm9,Dr.,Lauri,Tungay,2 Dunning Crossing,,Anchorage,AK,99599,9071035373,,,d
efetteplacea,Mrs,Lammond,Roebottom,2 Rieder Plaza,,Anchorage,AK,99507,9076168343,,,x
egeerlingce,Mr,Hodge,Rumford,857 Esch Plaza,,Tampa,FL,33686,8135886971,3076381145,,o
egowrie2u,Prof.,Muire,Stanner,76 Hoard Parkway,,Sacramento,CA,94207,9163559731,,,y
egreson4p,Mrs,Kippy,Bridie,07610 Banding Point,,Colorado Springs,CO,80920,7198073879,,,v
eguittonkk,Mrs,Edgardo,Manske,4164 Golden Leaf Junction,,El Paso,TX,79905,9157498713,,,b
ehanburybrown1i,Mrs,Pernell,Brolly,95742 5th Pass,,Dayton,OH,45490,9375136551,,,z
ehowden9m,Prof.,Wiley,Rudloff,16061 Lakeland Circle,,Mountain View,CA,94042,6507572765,,,n
ehubberpv,Mrs,Fin,MacGill,57 Stang Point,84 Brentwood Park,Memphis,TN,38161,9015406787,,8103115945,b
eiacoviellibc,Dr.,Isaac,Cheers,897 Kedzie Trail,,Gainesville,FL,32610,3529154009,,,r
ejopke6c,Mr,Cindy,Tabor,54 Macpherson Junction,,Houston,TX,77260,7134226484,8089845668,,k
ejosh4d,Dr.,Juan,McCahill,536 Schmedeman Point,,Baltimore,MD,21290,4102031716,3216644869,,c
ekinney8g,Mr,Stefanie,Kernocke,6 Independence Way,,Birmingham,AL,35285,2056778081,,,l
ekinsettb6,Prof.,Cristen,Vinick,29636 Sloan Center,,Salt Lake City,UT,84152,8011088314,,,y
elesieure4,Mrs,Paxon,Davidovitz,820 Hollow Ridge Dr.ive,,New Haven,CT,6520,2035465427,,,v
elidden85,Dr.,Bryna,Wigin,1 Jackson Lane,,Gainesville,FL,32627,3525985763,,,u
emacinherney2e,Dr.,Gothart,Wayland,031 Superior Road,,Rochester,NY,14646,5857190628,,,k
emassernj,Mrs,Ranique,Eldershaw,71812 Westerfield Center,,Anaheim,CA,92825,7142647193,2406707176,,i
emateuszczyk40,Dr.,Geno,Bister,754 Chive Avenue,,Sacramento,CA,94273,9164063929,,,v
ematuszkiewiczb1,Ms,Alphonse,Bocken,924 Garrison Crossing,,Rochester,NY,14619,5857971625,2536901332,,n
emeahii,Ms,Denis,Davidovitch,45300 Merchant Plaza,,Oklahoma City,OK,73173,4053382245,,,s
emerigonc2,Mr,Nicola,Makepeace,1 Anniversary Terrace,,Charleston,WV,25313,3048014815,3171075337,,w
enoden7o,Dr.,Redford,Skerrett,933 Raven Terrace,,Madison,WI,53779,6085712915,,,j
eoleahy4b,Mrs,Hashim,Westhoff,9864 Petterle Alley,,New York City,NY,10060,6469166251,5043446384,,u
epeacekz,Mrs,Arlana,Sharply,0 Hanson Road,,Lehigh Acres,FL,33972,8635441719,,,j
eruttyku,Prof.,Morgun,Philipps,49298 Harbort Lane,,Memphis,TN,38131,9017068258,,,i
esanday1s,Mr,Kelsi,Bourhill,246 Walton Court,,Decatur,IL,62525,2171548051,,,f
eshealpj,Dr.,Nonnah,Beverstock,8 Raven Road,819 Leroy Lane,Pensacola,FL,32505,8506818632,,5036697230,c
esidwell1l,Mrs,Corene,Gasquoine,6 Northland Place,,Toledo,OH,43605,4194297647,,,u
espridgeonr8,Ms,Richmond,Wilsone,41 Lyons Lane,,Corpus Christi,TX,78426,3619074034,,,u
eswanniees,Dr.,Maren,Trenholme,6 Pleasure Hill,,Tampa,FL,33673,8136632149,,,p
eswansborough1t,Dr.,Hilde,Crossingham,8074 Harbort Dr.ive,,Washington,DC,20078,2027300728,,,q
evinnicombe5b,Ms,Prisca,Easen,51103 Merry Junction,,Providence,RI,2905,4013362456,,,k
fbendelmp,Dr.,Bambi,McTavy,9853 Kings Circle,,Stockton,CA,95219,2094883310,,,q
fberge6m,Dr.,Johanna,Heberden,3 Old Gate Place,,Jacksonville,FL,32225,9041643869,5179721738,,d
fblundan9n,Dr.,Immanuel,Danbi,06638 Crowley Street,,Bradenton,FL,34210,9415857618,,,z
fcalafatekp,Prof.,Towny,Auchterlony,1 Kinsman Junction,,Fort Worth,TX,76147,8174501416,2148025306,,t
fcarrickgg,Ms,Hannis,Adamini,4647 Vermont Avenue,,Indianapolis,IN,46221,3173300531,,,x
fchenerykm,Mr,Stephannie,Pywell,91842 Armistice Parkway,,Los Angeles,CA,90040,6263480782,,,w
fchillistone8o,Ms,Cristi,Monteath,2 Dixon Street,,Everett,WA,98206,4258541816,,,g
fcircuit4l,Dr.,Monika,Siggins,70038 Summer Ridge Terrace,,Oakland,CA,94616,5106166555,9516054506,,n
fcoeyj6,Mr,Urbano,Deverock,4101 Helena Junction,,Houston,TX,77070,8321683325,,,o
fdallmannfc,Mrs,Whitby,Donnelly,71 Service Place,,Nashville,TN,37235,6156752092,,,f
fduffit47,Mrs,Margit,Jemmett,87 Golf Crossing,,Brooklyn,NY,11210,7187686256,,,y
feaklee8j,Dr.,Florette,Willshear,523 Comanche Street,,Hot Springs National Park,AR,71914,5019997519,,,e
ffarrearsnw,Mr,Elden,Nichols,4795 Kensington Lane,,Bethesda,MD,20892,3016834943,,,r
fgerlingkc,Mrs,Emmalynne,MacAulay,64 Sullivan Avenue,,Springfield,MO,65805,4173412296,,,w
fgliddonbv,Ms,Ingaberg,Besnardeau,5895 Monterey Alley,,New York City,NY,10170,6469205260,8155502574,,r
fgrotty64,Mr,Robin,Abatelli,34 Buhler Parkway,,Durham,NC,27710,9195185674,,,h
fhartwrightao,Mr,Chanda,Eary,50 Kensington Dr.ive,7635 Rigney Dr.ive,Washington,DC,20470,2028923177,,6141133786,b
fhaythornthwaitehi,Prof.,Loise,Gavin,1 Weeping Birch Court,,Topeka,KS,66642,7858118186,8595807237,,y
fheasley8d,Prof.,Claudette,Winscum,79 Troy Avenue,,Staten Island,NY,10310,7181495068,6127695684,,x
fhowtopreserve2s,Dr.,Gayel,Eakley,8270 Summit Lane,,Littleton,CO,80126,7207864006,9499589308,,u
fhubatsch63,Mrs,Walton,Todman,9 Vermont Street,,Boston,MA,2298,6171427523,,,j
fiornsv,Dr.,Loraine,Breese,35 Bartillon Road,,Tulsa,OK,74116,9185047686,,,b
fjacombsl6,Ms,Rolland,Ragot,8351 Mifflin Road,,Lexington,KY,40546,8596575461,,,c
fkingix,Prof.,Torre,Kemme,0 Burning Wood Street,,Erie,PA,16565,8145429128,,,w
flavigne3b,Ms,Gerri,Francombe,0465 Hudson Parkway,,Detroit,MI,48224,3138050783,,,s
flindsell7g,Ms,Kendall,Stubbert,6895 Dottie Avenue,,Hartford,CT,6120,8606466505,,,t
fmagsonf,Ms,Ardyth,Ellacott,8537 Tony Way,,Biloxi,MS,39534,2283780800,,,j
fmattiellop1,Dr.,Tommie,O'Hagirtie,7 Rutledge Circle,,Roanoke,VA,24024,5406233194,7145501239,,i
fnealeymc,Dr.,Gracia,Bayles,00222 Calypso Avenue,,Nashville,TN,37210,6157544876,4196283764,,j
fnyssendt,Prof.,Dasya,Stithe,01333 Eggendart Street,,Atlanta,GA,31136,4041159131,3524205799,,c
foutridge3g,Ms,Flem,Morphey,4 Homewood Avenue,,Anderson,SC,29625,8643757558,,,q
fpetrikgl,Dr.,Henry,Sclanders,4 West Terrace,1 Kropf Pass,Billings,MT,59112,4061759382,,8053168898,g
fpigot8r,Ms,Kiersten,Wrintmore,233 Westport Parkway,,Prescott,AZ,86305,9281651884,,,f
fponteej,Ms,Odille,Jacquemard,3 Del Sol Place,,Grand Rapids,MI,49505,6163828285,,,d
frobillardjj,Mr,Stanton,Dr.ell,71215 Loftsgordon Court,,Seattle,WA,98121,2536695806,7143024565,,w
frockliffelc,Ms,Akim,Tuffin,72441 Old Gate Junction,,Muskegon,MI,49444,2312907811,7185712702,,g
fskittrall52,Ms,Nathalia,Chisholme,94 Lien Junction,,Minneapolis,MN,55487,6123320341,,,r
ftutin44,Mr,Delilah,Storrah,3094 7th Hill,,New Castle,PA,16107,7246486028,4193369222,,k
fwillgoss89,Mr,Dannie,Coker,2 Reinke Avenue,,Houston,TX,77218,7134167570,7149470068,,h
fwynesny,Dr.,WooDr.ow,Duffil,25 Bunting Alley,,Birmingham,AL,35279,2056694017,2128187267,,l
galoshkinmk,Mrs,Lennard,Shimony,48873 Forest Run Trail,,Memphis,TN,38109,9019395457,,,f
gbeagrierc,Mrs,Cammi,Gerty,175 Raven Street,,Reno,NV,89510,7755371593,4043984030,,u
gbockendw,Prof.,Allan,Duchan,891 Mosinee Lane,,Jersey City,NJ,7305,2017656271,,,e
gbroodesd6,Dr.,Deeyn,Schroder,7284 Charing Cross Point,,Huntsville,AL,35810,2564251621,,,u
gbutchartp0,Prof.,Brig,Cleall,75674 Petterle Road,,Amarillo,TX,79176,8069654117,,,f
gcains4s,Dr.,Ambrosi,Sprigin,1924 Elka Lane,,Washington,DC,20404,2023901044,,,r
gcatchesidek1,Mrs,Stanislaus,Mothersole,697 Schlimgen Court,,Lincoln,NE,68531,4021366933,9018251737,,s
gclawleyif,Dr.,Matthaeus,Fishly,896 Hoard Trail,0 Hazelcrest Park,Alpharetta,GA,30022,6788151110,,4041664603,z
gcobbingpg,Mrs,Beverie,Lebrun,833 Bultman Junction,,Minneapolis,MN,55423,9529122800,8037489332,,b
gcollumbellck,Prof.,Waly,Eustes,06 Crownhardt Dr.ive,,Wilmington,NC,28405,9108620943,,,x
gcondonai,Mr,Remy,Chiene,83 Acker Trail,,Detroit,MI,48295,3135285377,,,w
gcosgry7h,Dr.,Shanda,Clute,9 Sachs Junction,,Sacramento,CA,95813,9165807531,,,c
gdarridonk0,Dr.,Paola,Deshorts,9220 Golden Leaf Place,,Topeka,KS,66606,7852432415,6024126963,,z
gdavinet68,Dr.,Efren,Milier,3246 Valley Edge Avenue,,Stamford,CT,6922,2033294399,,,r
gdelaegliseov,Mr,Elsa,JeDr.achowicz,030 Di Loreto Lane,,Austin,TX,78721,5127225061,2133334314,,c
gdomencmu,Dr.,Marcelo,Cristofanini,1328 Bluejay Road,,Milwaukee,WI,53285,4149156134,9158226387,,e
gdominec7q,Dr.,Pammie,Constantinou,05 Basil Trail,,Corpus Christi,TX,78405,3615055944,,,y
gdoudnyt,Dr.,Adler,Gommey,4374 7th Trail,40900 Glacier Hill Court,Spokane,WA,99210,5093209978,,5153938745,n
gescolmed0,Mrs,Nikolos,Annice,34 Graceland Court,53 Roth Terrace,AlexanDr.ia,VA,22301,2026554358,,9073912432,t
ggreenroyd51,Prof.,Janina,Dr.agonette,57 Caliangt Place,,Minneapolis,MN,55417,6515697289,,,v
ghinkinsbu,Dr.,Ricardo,Schiesterl,8845 Kenwood Parkway,,Vienna,VA,22184,5715429288,5857485287,,h
gjohnes1y,Mr,Barnabe,Demaid,733 Milwaukee Point,,San Francisco,CA,94154,4155217352,,,q
gkenealykl,Dr.,Miof mela,Longstreeth,74 Colorado Court,,Cincinnati,OH,45223,5136900325,2027580997,,p
gkleinlererx,Mrs,Loutitia,Labell,038 Debs Pass,,Johnstown,PA,15906,8141751067,,,w
gkoppshb,Dr.,Garv,Hartegan,018 Oak Valley Place,5149 New Castle Court,Minneapolis,MN,55487,6124996932,2148245060,8016824342,f
gkwieteknr,Prof.,Felita,Ackers,15812 Maple Lane,,Erie,PA,16510,8147023075,,,h
glarratlx,Mr,Gaby,Everley,853 Clarendon Dr.ive,,Phoenix,AZ,85083,6026365587,,,b
glindup29,Dr.,Janel,Renault,731 Dawn Avenue,,Louisville,KY,40266,5024102010,,,q
glummisjr,Dr.,Carr,Goter,568 Dahle Way,,Philadelphia,PA,19172,2152872669,,,l
gmcdarmidd1,Mrs,Rozalin,Minshall,575 Southridge Crossing,,Jamaica,NY,11407,5168795344,8039385657,,h
gmclayz,Dr.,Corella,Kamenar,538 Marquette Hill,,Greensboro,NC,27455,3363506818,,,q
gmichelet8z,Mr,Sheridan,Shannon,64006 Golden Leaf Park,,Charleston,WV,25389,3049429970,,,z
gpendelli7,Dr.,Laurianne,Antecki,57499 Kenwood Court,,Clearwater,FL,33763,7275817061,,,u
gpettjp,Mr,Eydie,McLoney,63 Steensland Place,,Waterbury,CT,6726,2037829888,,,d
gphilcockob,Ms,Blisse,Kenrick,5 Ruskin Hill,2188 Acker Parkway,Topeka,KS,66699,7855168546,,3126483609,w
gpocknellnk,Mrs,Denni,Keeting,8 Weeping Birch Crossing,,Macon,GA,31296,4781524304,9205486064,,k
gporkissay,Dr.,Britt,Filisov,687 Dexter Junction,93 Victoria Court,New York City,NY,10090,2126403048,,4345179217,u
gquilterdh,Prof.,Sheff,Maypother,19 Twin Pines Dr.ive,,Austin,TX,78754,5128006296,9199676973,,w
gsharrockaf,Dr.,Renata,Thurlbeck,418 Paget Pass,,Jacksonville,FL,32204,9046406203,,,f
gsparshatt9c,Dr.,Raynor,Loney,14208 Annamark Terrace,,Toledo,OH,43635,4192694810,,,j
gstaffdg,Mr,Edmon,McCloy,62 Vermont Terrace,,Montpelier,VT,5609,8024560143,,,f
gsuccamoreel,Ms,Nadya,Nibloe,87977 Spenser Street,,Tulsa,OK,74184,9188511088,,,f
gthomersona4,Mrs,Maude,Danilchev,2284 Victoria Way,16 Manley Parkway,Atlanta,GA,30311,6789132751,9165726699,8055950170,b
gvoas12,Mrs,Melisse,Singleton,28260 Union Dr.ive,,Cleveland,OH,44197,2167293093,,,z
gwalling4w,Dr.,Humfrey,Langland,1 Service Point,,Jamaica,NY,11431,2127190721,,,e
gwilliam2c,Prof.,Ameline,Vince,5514 Forest Dale Way,,Sacramento,CA,94245,9165300411,,,z
gwinderqi,Mr,Mirna,Felgate,8857 Washington Lane,,Fort Wayne,IN,46896,2609583789,,,t
gwinsomeia,Prof.,Johnna,Cavy,165 Truax Point,,Newark,NJ,7188,8624082157,7147901773,,l
haizikovitzdv,Mr,Leanora,Shwenn,935 Old Gate Way,,Gaithersburg,MD,20883,2407871867,,,l
hateggart4z,Prof.,Erminia,Auguste,03449 Lunder Terrace,,Lafayette,IN,47905,7656083356,,,c
hbendle45,Dr.,Gwenette,Cattini,32 Little Fleur Terrace,,Davenport,IA,52804,5636921007,,,g
hblackham6b,Mrs,Chris,Horder,18716 Logan Court,,Phoenix,AZ,85067,6021332414,,,c
hbloxam83,Mr,Ashil,Mayo,9 Troy Parkway,,Philadelphia,PA,19151,2157318372,,,g
hcapronqr,Mrs,Tibold,Notley,84347 Corry Park,,Atlanta,GA,30356,4042875987,,,g
hcaughanma,Dr.,AlDr.idge,Moyce,31 Redwing Avenue,58838 Pine View Alley,Glendale,AZ,85311,6023220603,8655244856,5183804587,o
hcheersgu,Mr,Eddie,Gilroy,39329 Northview Lane,8 Ridgeway Dr.ive,El Paso,TX,79994,9153659850,8018105648,8167679854,l
hclemmennx,Dr.,Fran,Didball,28413 Luster Dr.ive,,Reno,NV,89519,7759871822,,,i
hcostellownh,Dr.,Skip,Hinckes,277 Prairieview Court,,Killeen,TX,76544,2547269881,,,q
hcutbirth8b,Prof.,Dorry,Darter,89237 Havey Plaza,,Jacksonville,FL,32225,9042234883,,,v
hdallander21,Ms,Johann,Shepstone,6674 Schiller Avenue,,Pinellas Park,FL,34665,8507350095,5748885903,,y
hdoby7d,Mr,Geoff,Wisson,74669 Utah Pass,,Fresno,CA,93704,2096182641,,,s
hedlergd,Mrs,Forest,Carbine,83219 Mesta Park,,Washington,DC,20442,2029791479,5043908754,,s
hginner4h,Mrs,Storm,Cubbit,797 Londonderry Hill,692 Oneill Avenue,Wilkes Barre,PA,18706,5709870144,,9797811801,g
hhenninghambb,Ms,Coleen,Strooband,3891 Upham Circle,,Saint Cloud,MN,56372,3206439400,,,j
hhurley8l,Dr.,Caryn,Cawthera,2 Maywood Plaza,,Plano,TX,75074,9724268811,6125036926,,a
hjanacekl3,Dr.,Camey,Coners,10430 Ryan Junction,,Houston,TX,77075,7137974638,,,f
hlamonddo,Prof.,Leonie,Rapa,9003 Melby Way,,Columbus,OH,43215,6144922390,9172052800,,g
hleeming5a,Prof.,Brucie,Knibb,50228 Homewood Trail,4447 Jay Trail,Dallas,TX,75367,2147815505,,2104084210,v
hmowsdellep,Dr.,Georgine,Gladbach,100 Sunnyside Lane,,Bakersfield,CA,93381,6612433438,,,m
hphilipseni2,Mrs,Lanita,Macveigh,632 Katie Junction,,Northridge,CA,91328,8185119373,,,g
hrangallj0,Dr.,Tally,Honsch,3 Bultman Lane,,Springfield,IL,62756,2171991575,,,i
hsawardqh,Ms,Cullie,Kynnd,93 Golf View Center,,Salt Lake City,UT,84140,8017698567,,,g
hsherebrook4u,Mr,Amara,Parlatt,4 Rowland Avenue,,Albuquerque,NM,87105,5056099566,,,z
hstanden3r,Mr,Bail,O'Shee,01742 Southridge Dr.ive,,Pensacola,FL,32520,8502817946,,,s
hsummerrell7c,Dr.,Ginger,Benoey,8 Mayfield Center,,Topeka,KS,66622,7857729193,,,m
ialbropf,Dr.,Tamarra,Twentyman,6 Holy Cross Lane,,New York City,NY,10060,6463239370,,,n
ibehnekek5,Mr,Isador,Searchwell,34651 Dapin Court,,Fort Smith,AR,72905,4791484421,9179320776,,j
ibravington4r,Dr.,Bryant,Castagneto,81502 Carpenter Avenue,,Kansas City,MO,64187,8168679173,,,s
ibuckbeekd,Ms,Jeff,Condy,0 Vermont Trail,3544 Little Fleur Road,Arlington,VA,22244,5717069349,,3343663593,m
ibuffy72,Dr.,Felice,Billett,386 Glendale Court,,Minneapolis,MN,55436,6124484382,,,o
iclaguei6,Dr.,Vinson,Knatt,66 Northfield Terrace,,Springfield,MA,1105,4134766651,,,i
ifaas1g,Dr.,Tova,McGeouch,0 Chinook Point,,Houston,TX,77025,8326179751,9363996371,,v
ilappingr,Ms,Iago,Sitlinton,11 Melvin Center,,Seattle,WA,98166,3608460781,6168696508,,d
iliptrotdk,Dr.,Monti,De Angelo,020 Basil Road,,Muskegon,MI,49444,2319599558,5746523792,,f
imcguckinpz,Dr.,Vince,Trowel,4482 Farmco Way,,Washington,DC,20244,2023008195,,,e
imcquaider4,Ms,Eddy,Louth,7 Lindbergh Junction,,Oklahoma City,OK,73152,4059832531,,,g
iorrahhq,Mr,Innis,Giroldo,58 Roth Park,,Aiken,SC,29805,8039646168,2022927467,,v
iperllman6e,Dr.,Cash,Akeherst,186 Lakewood Gardens Circle,,Madison,WI,53705,6083519117,4026596607,,m
ipettiwardem,Mr,Hilliary,Going,68 Haas Circle,,Boise,ID,83711,2082252319,3611575240,,t
ipickrill2o,Mr,Reiko,Ortler,92421 Buena Vista Road,,New York City,NY,10120,2122341429,,,l
iplayer1x,Prof.,Shani,Fieldhouse,58738 Prentice Crossing,,New Orleans,LA,70179,5043875251,,,c
ipritchardbf,Dr.,Bryon,Pinfold,8510 Linden Junction,,Minneapolis,MN,55402,9524697799,,,c
irusleneh,Prof.,Isacco,Brend,5362 Nevada Street,,Loretto,MN,55598,7631913459,,,w
jabbateag,Mrs,Ninon,McIlvaney,29 Monterey Dr.ive,,Evansville,IN,47725,8126962780,2094056739,,z
jabramski9k,Mr,Amaleta,Waggett,8 Trailsway Crossing,,Danbury,CT,6816,2038792334,,,g
jamarna,Dr.,Elena,Clarabut,91 Larry Street,,El Paso,TX,88569,9156838405,,,y
jbattyq9,Dr.,Humberto,JenDr.usch,7523 Burrows Trail,,Fullerton,CA,92640,5592612587,,,g
jbelamy2f,Mrs,Aurie,Stave,42 Clove Alley,5 Northwestern Alley,Naples,FL,34108,9418338904,,8188704948,a
jbinfieldee,Dr.,Anneliese,Lunge,6 Warbler Dr.ive,811 Pond Road,El Paso,TX,88569,9158606589,,8317785811,m
jbogacew,Ms,Manolo,Klesse,50098 Everett Plaza,,Conroe,TX,77305,9366551231,,,a
jbollandso4,Dr.,Ancell,Harme,307 Oriole Pass,6059 Welch Lane,Hollywood,FL,33028,9545738793,,6178650605,t
jbromleya2,Mr,Juliette,Wetherick,343 Redwing Plaza,,Washington,DC,20310,2023221969,,,n
jcansdaleh1,Dr.,Gilberte,Penhearow,9265 Russell Lane,,Macon,GA,31210,4786076462,,,x
jcapelenke,Mr,Ynez,Fossett,38480 Cardinal Center,,Gaithersburg,MD,20883,2406673714,,,g
jcassidy9t,Mrs,Elene,AnDr.oli,792 Hansons Plaza,,El Paso,TX,88584,9152426709,,,w
jchandlarn8,Prof.,Emalia,McErlaine,833 Holmberg Junction,,Greenville,SC,29610,8649174101,3021462790,,x
jcorteneyfe,Ms,Angie,Hoppner,7227 Sugar Road,,Indianapolis,IN,46231,3175938938,,,l
jdeningtonbp,Mr,Zachary,Heinlein,26 Tony Center,,Boston,MA,2208,6179923910,3216115883,,d
jdommettb8,Dr.,Ernie,Smaleman,37 Lindbergh Street,,Seattle,WA,98148,2061033229,,,p
jdunicannn,Dr.,Hansiain,Stivens,7127 Melby Pass,,Los Angeles,CA,90035,2135277091,5138138020,,l
jgallandre6i,Prof.,Saunderson,Haswall,8 Cottonwood Circle,5 Sage Pass,Boise,ID,83711,2089150027,,9071839725,h
jgilardengoe3,Mr,Enos,Gooddie,9546 Clove Crossing,,Fort Worth,TX,76105,8174520939,3036497091,,d
jgonthardhc,Ms,Ethelda,Leonida,5 Brown Plaza,8740 Dakota Road,Macon,GA,31217,9128970086,,8059699523,e
jgrenville6x,Prof.,Cooper,Bortoluzzi,5 Laurel Road,,Albany,NY,12242,5188753184,7273066039,,k
jkingscotell,Dr.,Kareem,Scrace,44 Ryan Junction,42 Green Ridge Crossing,Stamford,CT,6922,2037681586,,8066892432,t
jlannonb0,Prof.,Geneva,Scanlan,31 Victoria Circle,50 Jenna Park,Detroit,MI,48267,3131690033,,4045822527,t
jlaunderrg,Dr.,Debora,Thewlis,50 Blue Bill Park Avenue,,Memphis,TN,38161,9018147770,,,a
jmacclenan26,Dr.,Shirlee,Chaves,79 Vidon Dr.ive,,Dallas,TX,75226,2144663620,7854652672,,c
jmccuaig8w,Ms,Shalom,Perrygo,5 Dottie Hill,,Topeka,KS,66606,7853489305,,,d
jmelanaphyec,Mrs,Kakalina,McPhate,735 Atwood Junction,,Providence,RI,2912,4017868669,,,f
jmundallhr,Prof.,Berrie,Carpmile,264 Stang Crossing,,Philadelphia,PA,19115,2155592325,,,w
jnorridgen7,Prof.,Rooney,Borsi,7104 Comanche Pass,,Virginia Beach,VA,23471,7572555857,8127519787,,a
jpagonc6,Dr.,Dr.edi,Dymoke,73 Susan Way,,Richmond,VA,23272,8046648908,,,b
jpesikkj,Mrs,Dugald,MacVean,095 Talisman Center,,Akron,OH,44321,3305169574,,,a
jpietruszka8n,Mr,Zacherie,Ruddlesden,8 Eastwood Court,,Lincoln,NE,68531,4029934953,,,y
jrayworth2t,Prof.,Wanids,Beekmann,455 Russell Junction,,Grand Rapids,MI,49510,6163376858,,,m
jreiseno,Prof.,Osbourne,Reford,939 Oak Valley Point,,Salt Lake City,UT,84115,8013205259,,,n
jrudderhamr6,Dr.,Venus,Curdell,3083 Dakota Parkway,,Little Rock,AR,72231,5015859296,,,e
jscoltsjv,Mr,Rica,Rollings,26 Sheridan Hill,,Akron,OH,44329,3309827844,,,d
jshackel4a,Prof.,Maurizio,Spottswood,531 Clyde Gallagher Avenue,,Milwaukee,WI,53234,4142695288,2032627822,,r
jshorter3e,Prof.,Idaline,Trengrove,8516 Hagan Dr.ive,,Washington,DC,20540,2024611769,,,j
jswadoni9,Mr,Sigfrid,Mitie,1 Spenser Alley,,Erie,PA,16522,8147375043,,,i
jtodari5f,Dr.,Leigha,Beddoe,1800 Southridge Park,,Miami,FL,33196,7867568968,9164070122,,a
jtomadoni9p,Mr,CasanDr.a,McNamee,0151 Glendale Place,,Detroit,MI,48232,3133082970,,,v
jtorraef,Ms,Charlton,Lyvon,69 Prentice Park,,Charleston,WV,25321,3041940587,,,x
jtottienu,Dr.,Xavier,McVitty,7 Independence Lane,,Anchorage,AK,99507,9076075667,3048685886,,l
jtregalegh,Dr.,Jeddy,Semper,063 Forest Run Court,,New York City,NY,10275,2129083904,,,z
jvoelker2z,Prof.,Trueman,Rosenblath,18807 Helena Hill,,El Paso,TX,79984,9154058812,6269967240,,c
jwhelanpd,Mr,AuDr.ye,Shotter,14434 Barby Dr.ive,,Washington,DC,20470,2027592392,,,p
kastilla,Mrs,AunDr.ea,Marvel,57326 Dixon Trail,,Houston,TX,77271,7137705695,,,q
kbawcockd5,Prof.,Jacqueline,Adshede,17707 Eggendart Avenue,,Grand Rapids,MI,49560,6163525790,,,y
kbrocktonrl,Mr,Bartholemy,Foxall,5 Hermina Terrace,,Waterbury,CT,6726,2037965005,,,u
kbrownsea9o,Mr,Matthew,Cleere,35 Buell Avenue,5501 Oak Valley Street,Newark,NJ,7195,8625363515,,4107188811,u
kchallis1u,Mrs,Reeva,Rothert,35800 Fieldstone Junction,,Anaheim,CA,92805,7143355209,,,o
kcogargx,Ms,Terry,Whitley,15167 Becker Dr.ive,,Lake Worth,FL,33467,5616125063,,,q
kdirandqq,Ms,Sheree,Crotch,3 Trailsway Way,,Providence,RI,2905,4018138417,,,k
kdodshonj,Dr.,Rosalynd,Biggam,091 Saint Paul Dr.ive,,Minneapolis,MN,55441,7635194151,,,v
kdooneyd3,Ms,Jolyn,MacClinton,47324 Dapin Trail,,New Orleans,LA,70179,5043972940,9375676621,,d
kduffyn27,Dr.,Dorella,McFeate,5 Northview Hill,,South Bend,IN,46634,5746476378,,,j
kduiged4v,Mr,Herta,Ronayne,71804 Toban Pass,,West Palm Beach,FL,33411,5618513106,,,v
kduntonab,Ms,Myca,Adamec,6 Hazelcrest Dr.ive,,Oceanside,CA,92056,7605114584,,,t
kedridge4o,Ms,Gerry,Crosio,609 Upham Way,,Houston,TX,77070,2811706410,,,s
kespinosafr,Mrs,Vaclav,Norree,216 Esch Pass,3300 Amoth Parkway,Silver Spring,MD,20910,2023011560,,7069165651,b
kfarrantk,Mrs,Ainslie,Stearn,9250 Surrey Plaza,,Dallas,TX,75205,2147649895,,,h
kfiller2p,Dr.,Gabbi,Ferson,12847 Elmside Dr.ive,05 Hallows Hill,Tacoma,WA,98424,2069275360,,3129250306,j
kforryanq6,Ms,Holmes,Roelvink,868 Rutledge Way,,Daytona Beach,FL,32118,4076169711,,,v
kgiacovellifw,Dr.,Winfield,Capps,31 Vermont Street,,San Bernardino,CA,92410,9093766301,8649870649,,q
kgrace50,Dr.,Dynah,Fuentes,12 Kenwood Trail,,Hampton,VA,23668,7576999033,,,s
kgrennanhw,Dr.,Ainsley,Everett,73969 Granby Street,,Jacksonville,FL,32230,9042380139,,,y
khaggerwood9v,Mrs,Zena,Pollen,9 Texas Lane,,Louisville,KY,40256,5025116521,5032912169,,y
khardie18,Prof.,Grata,Pottage,56 Armistice Pass,,San Antonio,TX,78205,2103592542,,,j
kheitzh2,Dr.,Melanie,Whiston,502 Canary Point,,Baton Rouge,LA,70836,2257946953,,,z
khuggons5u,Dr.,Alvira,Alu,3465 Clyde Gallagher Park,,Midland,TX,79710,4329344268,,,u
kivchenko6k,Prof.,Felicio,Tissell,3536 Morrow Alley,,Portland,OR,97255,9716376950,3049073529,,c
kjosum2l,Mrs,Karissa,Lowings,66 Buhler Avenue,,Colorado Springs,CO,80951,7194569449,,,g
klapennain,Dr.,Heidi,McNabb,39 Veith Avenue,,Seattle,WA,98121,3604846205,2171458276,,e
klatus87,Dr.,Normy,Bessett,861 Hoepker Trail,,Port Charlotte,FL,33954,9412852115,6468343411,,s
klidgelylh,Mr,Giacobo,Dutteridge,02 Daystar Pass,,Kent,WA,98042,3609899041,,,x
kmacranalde5,Ms,Adora,Tudball,34944 Tennessee Road,,Salt Lake City,UT,84140,8016571178,,,p
kmccutcheon5n,Dr.,Maureen,Lesurf,7451 Del Sol Alley,,Scottsdale,AZ,85271,4804964674,,,i
kmcleoid1z,Dr.,Nappie,Larmuth,1 Autumn Leaf Crossing,,Atlanta,GA,30306,7703268962,5044901525,,k
kmcrae35,Dr.,Carilyn,Danhel,9453 Dr.ewry Hill,,Akron,OH,44305,3301859971,,,s
kmcreath13,Prof.,Reynard,Kobu,07417 Nova Alley,,Spokane,WA,99215,5096953203,4256311600,,e
kminghettias,Mr,Kandace,Milbank,2959 Rigney Avenue,,Nashville,TN,37235,6156727225,4022331334,,f
kmouatt4e,Prof.,Minta,Beushaw,8 Quincy Trail,0176 Anthes Parkway,Youngstown,OH,44511,3307348652,,4159745562,y
kmuschettebo,Ms,Dorothy,Hacket,57 Forest Court,2 Bunting Parkway,Wilmington,DE,19810,3028517835,,5165351038,c
knaishq3,Ms,Norri,Shepperd,08 Forest Dale Place,60 Browning Park,Seattle,WA,98175,2063552991,,2021148973,x
knuttonqe,Dr.,Alysa,Harriman,8 Declaration Street,,Van Nuys,CA,91411,6264726244,,,c
kpeggsqx,Ms,Waldemar,Ebhardt,43 Brentwood Street,,Albuquerque,NM,87105,5056753123,,,n
kpetscheltoa,Dr.,Shep,Shoreson,4 Waxwing Lane,,Tampa,FL,33625,7271113943,,,r
kpowisqz,Mr,Roxana,Lundbech,9262 Mayer Road,7822 Basil Place,Lake Charles,LA,70607,3379794999,,2134936776,g
kquartoney,Ms,Wylie,Anthonies,00 Lighthouse Bay Court,,Miami,FL,33111,7869224752,9737268517,,g
krawsonn4,Prof.,Dela,Scholl,13298 Holmberg Place,,Miami,FL,33175,3052148945,,,s
ksonhj,Dr.,Darbie,Channing,23436 Center Lane,,San Jose,CA,95160,4084436147,,,n
kspinellaoe,Ms,Beale,Rosita,1 Bowman Point,,Cincinnati,OH,45271,5132305492,,,s
kwarnro,Mr,Clay,Kryszka,2024 Mifflin Junction,,Arlington,TX,76016,8179562954,8326910034,,x
kwhipplea5,Dr.,Thea,Goodship,376 Graedel Center,,Washington,DC,20456,2025866624,6012501171,,n
kwoltonkg,Mr,Allayne,Moncrefe,7441 Packers Center,,Miami,FL,33245,7869635545,,,m
kyellowleesa7,Mrs,Lamond,Bernhardsson,920 Debs Hill,,Erie,PA,16534,8142137503,,,d
larrandale42,Prof.,Lorena,Helsdon,3 Prairieview Terrace,,Washington,DC,20299,2023224601,,,c
laubrey7r,Dr.,Kimberlee,Bloschke,7995 New Castle Hill,,Huntington,WV,25709,3043891444,,,x
lbilleshp,Mr,Freida,Bradmore,592 Monica Terrace,,Lansing,MI,48919,5179513168,,,j
lbostockme,Dr.,Teador,Petican,2813 Farmco Terrace,,Las Vegas,NV,89105,7022014692,,,f
lbrandliht,Mrs,Noam,Budd,41 Golf View Dr.ive,48308 Becker Pass,Kansas City,MO,64199,8164861396,9085794714,3094492440,t
lbrattell1,Prof.,Katusha,Klicher,84 Milwaukee Junction,,Mountain View,CA,94042,6506652279,,,n
lbrittleso7,Mrs,Danny,Glanister,3 North Point,31205 Judy Trail,Greensboro,NC,27415,3361110111,9542694703,4159317770,s
lbrugsma9h,Prof.,Vonnie,Winstone,5 Mayfield Park,,Simi Valley,CA,93094,8058171546,2103583241,,n
lbyk99,Prof.,Bonni,McIlheran,05 Oneill Lane,,Austin,TX,78789,5125656101,,,h
lcamerong9,Prof.,Cher,Halwell,96867 Transport Court,9 Oneill Hill,Durham,NC,27705,9193260594,,7573809319,o
lcastelijnaq,Dr.,Cherie,Treske,7 Golf Place,,Dallas,TX,75392,2146634602,3143572692,,u
lcoyteha,Prof.,Fields,Lewerenz,5 Thierer Terrace,,Houston,TX,77201,8321679406,,,t
lcrowdsonf0,Ms,Giulietta,Abrahamson,8 5th Street,,Savannah,GA,31416,9127529989,,,f
ldeleteq0,Mrs,Jordanna,Mattsson,3 Canary Pass,,Tallahassee,FL,32399,8501572824,,,i
ldeyesot,Dr.,Kyla,Ferraron,58868 Gina Plaza,,Honolulu,HI,96840,8087540239,,,j
ldinnispi,Prof.,Gracia,Deporte,2 Village Alley,,Corpus Christi,TX,78426,3616272823,9498642089,,m
ledworthy7a,Ms,ElDr.edge,Summersby,1007 Cambridge Place,,Sarasota,FL,34276,9414179624,3188590708,,f
lewbankg1,Dr.,Livia,Cheetham,7 Gerald Pass,,Metairie,LA,70005,5047000397,,,e
lfairbeard8f,Mrs,Ahmad,Worstall,8 Springview Point,,Salt Lake City,UT,84170,8018678853,,,c
lfontinji,Dr.,Halli,Briggdale,57 Grim Point,,Albuquerque,NM,87190,5058594919,5154194678,,c
lgiacominibh,Dr.,Lanni,Mansuer,76 Chive Hill,,Tacoma,WA,98464,2531456528,,,f
lgowansonfl,Dr.,Carole,Rispine,3204 Hoffman Road,,Miami,FL,33147,7864141317,,,e
lgreenhalgh1k,Ms,Curran,Stritton,0 Linden Avenue,933 Bobwhite Court,Duluth,MN,55811,2186599867,3341445572,2178565688,g
lisacsson9x,Mrs,Kiri,ChilDr.ens,671 Coolidge Dr.ive,,Des Moines,IA,50936,5153510202,3093975319,,y
lkellenpn,Prof.,Dani,Siehard,0225 Carey Street,,Sioux City,IA,51110,7121317324,7192081237,,f
lkillner3v,Mrs,Brit,Wewell,231 Lien Way,,San Diego,CA,92191,6199313584,8598094655,,r
lklimentovgv,Dr.,Rosalinde,GDr.e,421 Saint Paul Street,,Richmond,VA,23285,8043719249,,,e
llittlefielde0,Dr.,Sutherlan,Wretham,5732 Iowa Junction,,Albany,NY,12227,5186327158,,,n
llyngstedor,Dr.,Quentin,Hacker,30 Glendale Park,,West Palm Beach,FL,33405,7721752052,,,q
lmagnea9,Mr,Georges,McIlwaine,156 Mariners Cove Pass,,Dallas,TX,75231,9728460910,,,x
lmantrupg2,Prof.,Arne,Bore,81 Arapahoe Street,,Dallas,TX,75210,2143730294,,,g
lmaruskaid,Ms,Agnese,Ellington,29 Northfield Way,,Lake Charles,LA,70607,3373609947,8125611159,,y
lmouldsqs,Ms,Georgeanna,Columbine,8 Grim Junction,,Madison,WI,53779,6085362324,,,u
lnussiilw,Ms,Shelton,Sandford,20481 Heath Hill,,Tacoma,WA,98447,2538914474,,,c
lolivellijg,Dr.,Roscoe,Kalderon,82 Harper Lane,,Memphis,TN,38136,9016733951,2125765188,,l
loscollee8k,Dr.,Isabel,Romaines,5 Kinsman Place,,New York City,NY,10203,2125107301,,,l
lpolo5p,Dr.,Karlen,Frome,0 Porter Parkway,,Tulsa,OK,74193,9189159112,,,k
lpomerym8,Ms,Hartwell,Pargetter,7 Scott Avenue,,El Paso,TX,79994,9154750348,,,p
lpuddicombeg3,Ms,Roscoe,Macer,26 Oriole Center,,Decatur,GA,30033,4049370580,,,c
lrablend7,Mr,Derron,Mack,77136 American Parkway,,Fort Worth,TX,76192,6828923449,8647195935,,t
lrennixfu,Ms,Osmund,Warlock,96617 Magdeline Court,,Idaho Falls,ID,83405,2083160130,9036384984,,w
lrossandermr,Ms,Jeannette,Threadgold,63652 Forest Terrace,,Tulsa,OK,74184,9181424946,5025844547,,l
lrubinowitchop,Mr,Esmeralda,Adlington,8744 Ohio Trail,,Lincoln,NE,68583,4029419980,,,m
lrunniclesom,Mrs,Ric,Pren,658 Lakewood Terrace,6 Pearson Avenue,Tulsa,OK,74103,9181625872,,5157105900,z
lsedgemorepe,Mr,Ellary,Dow,012 Moose Park,,San Diego,CA,92186,6192051761,,,f
lsellorn3,Mr,Selia,Dumbar,874 Merry Center,,ShDr.eport,LA,71115,3189331347,,,e
lsmithamja,Mrs,Carmine,Ballintime,132 Kensington Crossing,,Baltimore,MD,21282,4104460583,4066622600,,o
lsnawdonkv,Mrs,Pearle,Joburn,5 Thackeray Avenue,,Montgomery,AL,36114,3348625534,,,q
lspringfordox,Ms,Wren,Goodday,8 Dexter Terrace,,Jackson,MS,39204,6017021572,7814334025,,x
lstapfortha1,Mr,Elita,Halhead,183 Graedel Dr.ive,,Jacksonville,FL,32204,9042197312,8503189737,,i
lstedsoneu,Dr.,Pauly,Marsland,7780 Schiller Alley,,Washington,DC,20029,2028686123,,,f
lstiggersbi,Dr.,Taddeo,Ovesen,1447 Toban Terrace,,New York City,NY,10260,2121394632,7038710370,,y
ltallach9j,Ms,Carree,Laker,05803 Aberg Trail,060 Macpherson Pass,El Paso,TX,79911,9159774560,,5131337270,d
ltownsendo5,Prof.,Lev,Gibson,99603 Farragut Terrace,,Greensboro,NC,27425,3361818566,,,l
lvalti4g,Prof.,Desiri,Handasyde,53 Paget Parkway,,Lehigh Acres,FL,33972,8639850747,,,n
lvlasyukdr,Dr.,Montague,O'Skehan,40 Fuller Court,,Terre Haute,IN,47805,8125520132,,,e
lwastallfy,Prof.,Christina,Duerden,31413 Morningstar Plaza,,Los Angeles,CA,90055,2137427193,,,b
lwhinesg5,Mrs,Lanie,Clubbe,2 Sage Street,,Akron,OH,44393,2342464711,2034279298,,h
lwildenpa,Dr.,Fiann,Quarry,978 North Park,,Bronx,NY,10464,7189911174,3303149432,,i
maffusomo,Mrs,Dorita,Corbould,2680 Cody Place,,Manchester,NH,3105,6031103758,,,y
marmstrong56,Mr,Stanwood,Bowart,7 Kropf Plaza,242 Crowley Point,Cedar Rapids,IA,52405,3195122702,,8595688872,g
marro3,Mr,Donavon,Doick,767 Blaine Center,,Colorado Springs,CO,80951,7192241040,,,l
mbissonj4,Ms,Ceciley,Thorwarth,1874 Buell Center,,Austin,TX,78789,5127646891,,,m
mblaxleyr9,Prof.,Channa,Fellenor,52 Florence Circle,,Houston,TX,77040,8329597982,,,q
mbrendeq5,Dr.,Austine,Castro,5724 Quincy Junction,,Gadsden,AL,35905,2564380427,9151053174,,s
mbrodeurfn,Dr.,Justin,Yates,84 Summit Terrace,,Carlsbad,CA,92013,7603934269,,,v
mbrunetonri,Mr,Skylar,Hawley,3582 Lawn Way,,Dayton,OH,45426,9378804580,,,j
mbullersb9,Dr.,Diahann,Dils,6 Pond Point,,Omaha,NE,68197,4023731169,2173003192,,v
mcandeyjn,Prof.,Kit,Frisdick,86612 Marquette Alley,,New York City,NY,10060,6464231374,,,o
mcarrenct,Dr.,Sonia,Crone,6029 Sheridan Circle,,Roanoke,VA,24040,5406291677,8597221546,,n
mcasotti7w,Dr.,Hollie,Marfield,15935 Bunker Hill Avenue,,Louisville,KY,40266,5029719252,2082352720,,z
mcastelluzziju,Mrs,Edd,Semechik,35747 Dakota Place,,Florence,SC,29505,8438076302,,,t
mcathiej8,Mr,Nester,Jaqueme,06 Mesta Court,,Santa Barbara,CA,93150,8058106064,,,q
mchaff5v,Dr.,Yulma,Tregiddo,0 Roxbury Court,,Toledo,OH,43610,4194838153,,,h
mcholominh5,Ms,Lidia,Tomkins,890 Meadow Ridge Pass,,Kansas City,MO,64199,8166075358,,,c
mcoali4,Dr.,Cecilia,Wheelan,8 Oakridge Park,,Des Moines,IA,50369,5157530446,9524443971,,v
mcrinioncs,Mrs,Tades,Downse,6 School Street,,San Bernardino,CA,92424,9096204730,,,i
mdashkovich6r,Dr.,Mari,Grinyov,46 Packers Avenue,049 Golf Course Parkway,Kent,WA,98042,2069525478,,8173514312,z
mdeckerh8,Ms,Mandie,Prier,4 Sutherland Court,,Punta Gorda,FL,33982,9419369616,,,s
mdifrisco5o,Dr.,Irene,McElvogue,4 Buell Hill,,Des Moines,IA,50347,5153670852,,,n
mdruceoz,Mrs,Yanaton,Mainz,71 Autumn Leaf Court,,Port Saint Lucie,FL,34985,7723971356,,,o
melles6d,Prof.,Keenan,Keenan,4237 Valley Edge Lane,,Madison,WI,53705,6081000842,5858884953,,m
membersonby,Ms,Tod,Hansmann,0218 Sommers Terrace,,Long Beach,CA,90847,5624165207,,,f
mfalkinderb4,Ms,Bradley,Huitson,89642 Norway Maple Way,,Seattle,WA,98104,4254029691,2542598735,,f
mfifoot8x,Dr.,Burty,Klimmek,8 Anniversary Point,,Birmingham,AL,35263,2055867758,9121110712,,g
mfillimorejt,Ms,Pen,Sterte,00171 Division Place,,El Paso,TX,88514,9157715961,7195448492,,k
mfooks93,Dr.,Eunice,Dugan,54066 Troy Pass,,Richmond,VA,23277,8043637825,,,e
mgallard9,Mrs,Sander,Biever,1681 Quincy Parkway,,Syracuse,NY,13210,3153508569,,,o
mgarrudrf,Mr,Allard,Clemmensen,05517 Maryland Street,,Minneapolis,MN,55448,7637891249,,,m
mgaymarpk,Mrs,Caroline,Josipovic,725 Southridge Way,,El Paso,TX,88519,9154775707,5863734064,,u
mginik6,Mr,Colette,Lugard,02593 8th Alley,681 Almo Junction,Greensboro,NC,27409,3365594508,,5594701751,y
mglendinninga0,Ms,Fancy,Wilcher,48 Pearson Hill,,Topeka,KS,66606,7859702096,5106769818,,p
mgouchn1,Ms,Lazaro,Hiner,8352 Blaine Pass,613 Roth Avenue,Missoula,MT,59806,4068316186,,8314468202,u
mgrammer5y,Dr.,Barbara,Dr.onsfield,5172 Fremont Point,07539 School Alley,Marietta,GA,30061,7707601669,,2148573776,m
mgreener15,Mrs,Upton,Maeer,972 Raven Circle,,Van Nuys,CA,91406,8189711276,3306653318,,f
mgreg3m,Ms,Witty,Padson,2 Mesta Park,,Oxnard,CA,93034,8052920258,,,x
mhakeworth7s,Prof.,Goldie,WellDr.ake,58 Logan Avenue,,Pensacola,FL,32520,8508157334,5628975770,,n
mheake4x,Prof.,Moss,Finnie,87 Monument Center,,Dayton,OH,45490,9371955998,,,r
mhulmesl1,Mrs,Flore,Littlejohns,4297 American Point,,Van Nuys,CA,91411,6615530886,7147372025,,i
mionescooi,Dr.,Tynan,Dumke,191 Elmside Parkway,,Orlando,FL,32891,4074721767,,,m
mjenkynrq,Mrs,Lowell,Blackmoor,7 Sunfield Avenue,,New Orleans,LA,70160,5047691381,,,u
mjeppcl,Ms,Vi,McGraw,5700 Mesta Dr.ive,,New Orleans,LA,70129,5044141678,2149382415,,i
mjerzycowskiah,Ms,Pearl,Mapledoram,0 Elmside Park,5 Beilfuss Lane,Nashville,TN,37228,6154900876,,2036313042,h
mjohannessonba,Mr,Pascal,Cail,50 Armistice Parkway,,San Jose,CA,95133,4082154033,,,t
mjulian9e,Mrs,Claiborn,Iuorio,7000 Loeprich Court,,Washington,DC,20409,2029429068,,,j
mkalinowskyqb,Ms,Lilas,Nott,0086 Quincy Dr.ive,,Jacksonville,FL,32255,9047173050,,,s
mkelleynz,Mr,Izzy,Addington,02746 Lakeland Pass,,Tempe,AZ,85284,4804308656,,,i
mkellpx,Mrs,Diana,Suggitt,0 Sunnyside Dr.ive,,El Paso,TX,88584,9157950402,2515234040,,v
mkleinert25,Mrs,Wakefield,Senn,2867 Sunnyside Crossing,,Greeley,CO,80638,9708427296,9012729821,,f
mlangcastercr,Dr.,Irena,Laybourn,066 Pennsylvania Center,,Vero Beach,FL,32964,7728435438,,,s
mlissandrinial,Ms,Jacky,Percy,06 Clemons Lane,,Katy,TX,77493,2812675984,,,m
mmacallenog,Dr.,Weidar,Foulser,18334 Northridge Crossing,,Minneapolis,MN,55428,7636037897,8319616591,,f
mmaccreaps,Prof.,Guenevere,Vanlint,13 Sheridan Trail,,Sacramento,CA,94257,9162227019,,,e
mmaciver86,Mrs,Aluin,Sandon,06 Hazelcrest Pass,,Monticello,MN,55590,7636824929,,,w
mmacpaike6p,Mr,Terza,Capeling,144 Canary Parkway,,Racine,WI,53405,2626350431,4055662748,,r
mmanske6z,Dr.,Maxim,Boig,778 Eagle Crest Parkway,,Orlando,FL,32803,3211530093,,,i
mmcfadzean1m,Mrs,Vachel,Mayhow,83546 Alpine Park,,Boise,ID,83716,2081050884,2567177573,,v
mmcilwrathkq,Dr.,Tate,Skein,21472 Westport Junction,,Miami,FL,33169,3053224803,,,h
mmckleodmh,Mr,Susanna,Kener,74408 Grayhawk Park,,Memphis,TN,38136,9014675742,,,a
mmcminnoo,Ms,Kristan,Verbeek,316 Sycamore Hill,,Inglewood,CA,90310,3103326433,,,r
mmcreidylb,Dr.,Ricky,Rockcliff,683 Warrior Trail,,Aurora,CO,80015,7208479246,,,q
mmonro3a,Ms,Loise,Ballantyne,897 Grover Place,,Norfolk,VA,23520,7577173528,,,p
mmoulsterbg,Prof.,Ninette,Cockshot,18 Marcy Center,,Mesquite,TX,75185,9725453889,,,g
mnazir,Ms,Waldo,Imeson,33724 Prentice Center,,Detroit,MI,48232,3131002393,,,m
mnewlandsdc,Mrs,SaunDr.a,Austen,1293 Victoria Way,9 Anniversary Park,Ridgely,MD,21684,4107039456,,7861254041,d
modammw,Prof.,Tadeas,Gutch,36806 Northview Point,2036 Northwestern Court,Buffalo,NY,14215,7167367245,,8599404691,d
mohingertyga,Dr.,Pier,Moreno,766 East Hill,,Lawrenceville,GA,30045,4042373292,,,n
moldhamhf,Mr,Melosa,Fearick,42869 Barby Parkway,,Juneau,AK,99812,9078933989,9133729427,,s
mpadygn,Dr.,Lorilee,Simkin,582 Transport Alley,,Apache Junction,AZ,85219,4804259512,,,o
mpettyp5,Mr,Florette,Nealey,78400 Bultman Junction,9479 Sunnyside Pass,New York City,NY,10155,6465156792,,2124275344,a
mpetzoldok,Prof.,Valida,Baunton,060 7th Street,,Peoria,IL,61635,3098634296,,,p
mrapelliax,Ms,Barbara,Possell,027 Mendota Place,,Cincinnati,OH,45999,5139283821,,,g
mrogersondd,Prof.,Kiele,Spencock,236 Spenser Lane,,Memphis,TN,38197,9014805405,,,a
mromeich,Mrs,Herve,Birdsall,9 Lunder Way,,Colorado Springs,CO,80940,7198324666,,,d
mruddiforth53,Dr.,AnDr.ia,Lyffe,776 Farwell Lane,,New York City,NY,10115,2122250751,7862867730,,x
mrugieroea,Mrs,John,Maginn,551 Independence Road,,Amarillo,TX,79116,8065088872,,,n
mrymour5c,Prof.,Charlot,AnDr.ey,898 Sugar Place,,Flint,MI,48505,8108675528,,,g
mschwierhm,Dr.,Madeleine,Alcoran,0 Bartillon Avenue,,Charlotte,NC,28284,7046157925,,,h
mshakshaft34,Ms,Earle,Frentz,0006 Blue Bill Park Pass,,Kansas City,MO,64179,8162835343,,,p
mshrimptone3s,Dr.,Killy,Vlahos,749 Steensland Alley,,Charlotte,NC,28272,7041528762,5139380112,,d
msiaskowski3f,Mr,Godiva,Riccardelli,00398 Maywood Hill,,Sacramento,CA,94237,9164638940,,,k
mslad7z,Dr.,Towney,Gotcher,77153 Lukken Trail,,Camden,NJ,8104,8564022925,9016639070,,b
mslavin3p,Mrs,Fania,Gollop,00700 Merry Place,,Springfield,IL,62756,2173854284,,,o
msneddon2r,Mr,Eugenio,Blondin,0332 Kinsman Terrace,,Austin,TX,78710,5125164180,2053308564,,b
msorrelpl,Dr.,Kenyon,German,54840 Fairfield Avenue,,Tampa,FL,33647,8136604287,5043952912,,i
msteercz,Dr.,Amory,Empson,5 Northfield Avenue,,Laredo,TX,78044,9566420491,,,i
mtarnek,Mrs,George,Sollars,745 Vera Center,,Lansing,MI,48912,5174870066,7181630045,,n
mthuillier97,Mr,Lelah,Semrad,5258 Northland Junction,,Roanoke,VA,24034,5405560320,,,t
mtyre62,Ms,Cristy,Labat,6473 Summit Terrace,,Orlando,FL,32854,4073768989,,,c
mvitet58,Dr.,Eolande,Sulley,19 Spohn Park,,Fresno,CA,93750,5593055831,,,s
mweymouth6a,Mrs,Charil,Tschirschky,138 Pepper Wood Plaza,,Buffalo,NY,14233,7162740783,,,j
nbernardinoex,Mrs,Natal,Penny,31151 Luster Place,,Atlanta,GA,31136,4048837348,,,l
nblaincn,Mrs,Zelda,Ruprecht,6 Garrison Trail,,Huntington,WV,25775,3041378636,9545442741,,d
ncartyi5,Mrs,Jaymee,Yerlett,25 Butterfield Hill,,Memphis,TN,38119,6153891667,,,u
ncorner9b,Dr.,Tammie,Arpe,5 Lakewood Alley,,Berkeley,CA,94712,5106671395,,,o
ncresserlq,Mr,Tibold,Kaspar,0318 Blue Bill Park Pass,,Abilene,TX,79605,3253022439,2159404366,,o
ndelasalles,Ms,Gisele,Fitzsymonds,38079 Duke Circle,,New Haven,CT,6520,2031514728,2066838178,,r
ndimariah9,Mrs,Callie,Scholefield,0 Barnett Lane,,El Paso,TX,79945,9154092927,8018793614,,s
nfaccinif7,Dr.,Herbie,MacGrath,8 Meadow Ridge Hill,,Reno,NV,89595,7758604594,,,e
nfiloniere10,Mrs,Cody,Bywaters,648 Marquette Court,,Knoxville,TN,37995,8651623444,5622877484,,j
ngershomgb,Dr.,Ronnie,Rove,8 Center Avenue,,Panama City,FL,32412,8508108152,,,a
ngreguoldl,Mrs,Quintana,Cheatle,878 Cherokee Park,,San Rafael,CA,94913,4153209818,6614785607,,s
ngrimwadeco,Prof.,Loydie,Minger,2394 Harbort Alley,,Atlanta,GA,31136,4046359607,9493373593,,p
nhallworth9g,Prof.,Reynold,Lent,2161 Veith Park,,Irvine,CA,92717,7143549748,5628029245,,q
nhughson60,Mr,Homere,Hamelyn,3570 Maryland Avenue,,Tacoma,WA,98464,2536425755,,,z
nizkovitzhk,Mr,Elysia,Oglesbee,29 Lien Terrace,,Salt Lake City,UT,84170,8017743561,3128348174,,l
nkinlockhg,Mr,Kitti,Bischop,5 Jana Terrace,879 Sycamore Plaza,Buffalo,NY,14210,7169304446,3236809438,2031593831,n
nkinny5j,Dr.,Sidoney,Grundle,8 Sommers Hill,,Boise,ID,83722,2086831947,,,h
nlarhamn2,Dr.,Udale,Stiegers,408 Dawn Plaza,,Reston,VA,20195,7031460116,,,x
nmacskeaghan1w,Dr.,Christen,Grigor,42 Mifflin Pass,,Richmond,VA,23272,8045936958,2148811033,,k
nmcturloughn6,Mr,Judie,Grenshiels,34 Prairie Rose Hill,,Watertown,MA,2472,8576803562,,,w
nmorris,Mr,Locke,Bruty,1034 Valley Edge Junction,,Fort Myers,FL,33906,2394428696,,,e
nroache5d,Ms,Kipp,Spikeings,27472 Gina Hill,51975 5th Junction,Kansas City,MO,64160,8161215103,5713704121,7278096532,w
nsanbrooke22,Mrs,Luis,Dubble,55920 Memorial Trail,,Everett,WA,98206,4257277584,,,h
nstormonth14,Dr.,Karolina,Smedley,160 Daystar Court,,Jacksonville,FL,32230,9047562244,8472987495,,t
nwinch8m,Mrs,Petey,Dabel,24 Golf Course Alley,,San Jose,CA,95194,4081129451,,,f
oapperleymg,Mrs,Ban,Kubasiewicz,884 Judy Trail,526 International Dr.ive,New Orleans,LA,70187,5047154904,,8062446265,z
obaxillpo,Ms,Briney,Whitehair,884 Golf Course Place,,Terre Haute,IN,47805,8125335343,2027005371,,v
oberrimanq2,Ms,Massimiliano,Gippes,47305 Forest Pass,19875 Hooker Road,Fort Wayne,IN,46825,2602484208,,8605034679,o
obonder3d,Mrs,Fredericka,Imlach,316 Mosinee Circle,,Durham,NC,27717,9195618727,,,a
obramsenh4,Mrs,Lilyan,McCall,2 Prairie Rose Park,,Hartford,CT,6152,8602727228,,,j
ocawtherayp7,Ms,Chad,Conradie,358 Canary Park,,Fort Worth,TX,76192,6822686673,6823899549,,d
ocolleranqk,Mr,Dane,Streader,2578 Redwing Circle,,Seattle,WA,98158,3607367527,,,x
ocroxleyhv,Mrs,Ethelind,Mangham,94032 Beilfuss Center,,Los Angeles,CA,90025,4241449198,2033723428,,u
oduval1o,Ms,Martguerita,Elsmore,8852 Meadow Vale Terrace,25877 Bluejay Way,Pensacola,FL,32590,8502217377,,2156940720,s
oevett8h,Mr,Shaw,Donalson,462 Artisan Dr.ive,,Miami,FL,33142,7864542413,,,p
ogilloppk3,Dr.,Desirae,Aleevy,66966 Miller Dr.ive,,Hampton,VA,23668,7571122895,,,m
ohagstonen9,Prof.,Belva,Statton,312 Aberg Road,,South Bend,IN,46634,5747027703,,,v
olowdesdx,Prof.,Fredia,TDr.ena,192 Miller Street,,Albuquerque,NM,87115,5055300771,9074445779,,d
oocheltree8p,Prof.,Maxy,Rubertelli,6 Northport Crossing,,Montgomery,AL,36114,3342879329,,,n
oormstonoj,Mrs,Dennis,Snewin,7 Clyde Gallagher Alley,,Charlotte,NC,28215,7048512763,,,m
opiet4,Dr.,Kelcy,Dumbar,7147 Briar Crest Terrace,,Sioux Falls,SD,57110,6054368137,,,n
opyffe6g,Mr,Vivien,Woollends,6168 Nancy Terrace,,Glendale,CA,91210,8186692048,6161078281,,f
orosenbloomj1,Dr.,Baird,Licquorish,9 Ilene Terrace,,Houston,TX,77212,7139736514,3146080088,,i
owarbeyrm,Ms,Pooh,Schlagman,95402 Becker Way,,Danbury,CT,6816,2037430000,,,i
oyardko,Mr,Lutero,Ambler,9599 Redwing Plaza,,Saint Louis,MO,63121,3144463021,,,r
pberntq,Mr,Wakefield,Sineath,2 Sachs Lane,33 Mendota Place,Washington,DC,20508,2021371824,,4323712363,l
pbortolomeiki,Prof.,Dorthea,Dobrovolski,5 Center Road,,Cincinnati,OH,45254,5135769321,,,d
pbuncher82,Prof.,Lorianne,Villa,55574 International Center,,Des Moines,IA,50362,5158736147,,,c
pcapperfh,Mrs,Barde,Devey,5085 Gateway Junction,,Greensboro,NC,27425,3362460117,,,m
pcashley78,Ms,Melisa,Lordon,9304 Talmadge Park,,Dallas,TX,75265,2146645412,2036359534,,y
pchevertonm6,Dr.,Amby,Mordon,00 Village Crossing,,El Paso,TX,88530,9155114534,,,l
pdanielskilf,Prof.,Samuel,Josham,752 Dixon Dr.ive,14114 Lyons Court,Roanoke,VA,24020,5406587331,,5103891004,e
pdumphrycy,Mrs,Ichabod,Concklin,4 Cascade Crossing,,Pomona,CA,91797,9094097694,3148903432,,t
pelmsq4,Ms,Terrence,Flade,316 North Pass,,Kansas City,MO,64136,8164098603,,,i
pflackeav,Dr.,AinDr.ea,Rudman,2 Independence Plaza,2 Monterey Terrace,Washington,DC,20540,2028349295,7189589209,5174067985,s
phamlynmn,Dr.,Louise,Burburough,109 Banding Dr.ive,,Reading,PA,19610,4841194516,,,i
pingle70,Ms,Daren,Huggard,40 Gina Alley,,Lubbock,TX,79410,8063195242,7571724308,,m
pkleebornm5,Dr.,Pablo,Jillions,78936 Schiller Center,,Kansas City,MO,64160,8165039832,,,t
pmacsharryl9,Mr,Brion,Arnould,0 Susan Way,,El Paso,TX,88579,9157583640,,,r
pmckiernanlj,Mrs,Frederica,Goodlad,80 Almo Way,,Austin,TX,78703,5123748548,,,v
pmclaughlano6,Mrs,Ephrem,Izac,56 Moulton Place,38 Susan Park,Cincinnati,OH,45254,5133857617,,3376278931,p
pmewtonn,Ms,Eric,Beggio,1128 Maple Wood Parkway,,Conroe,TX,77305,9364789133,,,e
pmiellpu,Prof.,Sapphira,Baudinelli,74 Stoughton Point,,Dallas,TX,75221,9729029996,,,v
pmurchl2,Dr.,Willamina,Enden,047 Dorton Dr.ive,,Corona,CA,92883,9514772545,,,h
pniesegenph,Mrs,Albertina,Colquete,799 Mesta Plaza,,Pittsburgh,PA,15205,7241856793,,,a
pogarmenda,Mr,Rosa,Deakes,2 Warrior Crossing,,Clearwater,FL,33763,7273079145,5626502068,,s
poswaldo1,Dr.,Graig,Seivwright,23060 Erie Street,,New York City,NY,10249,2127901027,,,y
pparncutt88,Ms,Larina,Boyson,6691 North Crossing,,Stamford,CT,6922,2038899447,,,h
ppearson80,Dr.,Christiana,Mersey,643 Schiller Plaza,,Des Moines,IA,50347,5157893185,,,c
pphupratede,Dr.,Carissa,Harrinson,15 Dakota Terrace,,Waco,TX,76796,2548787269,,,d
ppiatkowl5,Mrs,Noble,Gomersall,0193 Shoshone Crossing,,Detroit,MI,48267,3134813439,,,s
preyneou,Mrs,Fayina,Stainton - Skinn,126 Petterle Pass,,Phoenix,AZ,85077,6025931295,,,s
prubinlicht39,Dr.,Elise,Odda,718 Morrow Parkway,9 Manitowish Way,Canton,OH,44760,3302247130,7734991969,3138202878,m
psarllfa,Prof.,Cesar,Setterfield,8 Rowland Avenue,,Whittier,CA,90605,5626062281,,,s
pscroggieg7,Ms,Bettye,Kemwall,52 Bluestem Street,304 Monument Avenue,Los Angeles,CA,90050,2136115247,,8435167791,u
pspeir79,Mrs,Brear,Behagg,49527 Fuller Park,,Jamaica,NY,11499,2128080845,,,q
psproullk,Dr.,Elene,Zelland,5 Prairieview Trail,,Austin,TX,78778,5124271302,2024305201,,n
pvickermaniv,Ms,Mellisent,Berthot,497 Myrtle Junction,,Conroe,TX,77305,9364726327,,,j
qbresnennl,Mr,Abe,Searby,3 Cherokee Center,,Memphis,TN,38168,9017907147,,,p
qshrimplinrj,Ms,Marijn,Lowman,15 Pierstorff Alley,,San Francisco,CA,94126,4151435147,2168963937,,y
rainleylz,Dr.,Cointon,Glaisner,36259 Sundown Center,,Roanoke,VA,24029,5402348876,9703088598,,v
raloigibd,Mr,Quintin,Pawlett,8 Butternut Crossing,,Bronx,NY,10459,7184254214,,,d
rbattyll4n,Mr,CeDr.ic,Braksper,8914 Karstens Park,,Philadelphia,PA,19160,2153124997,,,s
rbenoy75,Mr,Vivienne,Steers,402 Miller Point,,AlexanDr.ia,VA,22333,5719065247,,,l
rbooker24,Mr,Daisey,Thireau,9318 Colorado Pass,,Atlanta,GA,30375,4049489253,5407676316,,m
rburdine7,Mr,Ephrayim,Searby,1 Memorial Dr.ive,,Newport News,VA,23605,7579660847,,,r
rcardou,Mr,Irving,Killock,37728 Bobwhite Park,,Austin,TX,78726,5123485840,3314401602,,f
rclaypooleks,Dr.,Nowell,Tanser,8706 Talmadge Circle,,Philadelphia,PA,19109,6108964661,7178219747,,i
rcolemanf2,Ms,Torrance,Annand,9899 Blue Bill Park Point,,Reno,NV,89550,7753871297,9545809083,,q
rcortinim,Mrs,Eliot,Brimilcombe,1209 Fuller Plaza,,Albuquerque,NM,87115,5052267864,,,d
rcowerda8,Mrs,Malvina,Cranson,147 Thompson Alley,,Portland,OR,97240,9714825636,,,o
rdeandreisms,Ms,Edgardo,Stucke,00690 Clemons Avenue,,Washington,DC,20392,2026289064,,,p
rdelleris,Ms,Legra,Stollhofer,05 Oxford Junction,,Tampa,FL,33686,8132682996,,,e
rdevineyq1,Prof.,Ethelin,Moncey,72519 Chive Way,,Colorado Springs,CO,80945,7196687402,,,r
rdumsday8t,Mr,Jordan,Dow,7424 Leroy Crossing,,Lawrenceville,GA,30045,4048771939,,,i
rfessionsfs,Dr.,Nana,Vedyashkin,29773 Oriole Park,,Peoria,IL,61640,3091861977,,,u
rfraanchyonokcc,Dr.,Ludvig,Chamney,2674 ManDr.ake Crossing,,Huntington,WV,25711,3041097530,8016887322,,x
rfranzewitchkb,Ms,Manny,Barzen,4 New Castle Park,78236 Ruskin Dr.ive,Tallahassee,FL,32309,8503087122,7134394470,5859944532,f
rgadaultnv,Ms,Briant,Hayhow,713 Banding Lane,,Washington,DC,20005,2021382062,,,d
rgarment91,Mrs,Shanon,Piggrem,1499 Ilene Circle,,Montgomery,AL,36109,3347758541,,,k
rgodwynil,Dr.,Lucias,Pettinger,318 Ronald Regan Point,,Omaha,NE,68134,4022191438,,,k
rgoslin6w,Prof.,Kincaid,Algy,6553 Holy Cross Plaza,,Lakeland,FL,33805,8633030865,,,n
rhassekl7i,Prof.,Albertine,Vannuchi,74818 Melrose Point,,Baton Rouge,LA,70805,2258881658,9133465192,,z
rmchaffy2y,Prof.,Colas,Brick,39 Myrtle Street,,Winston Salem,NC,27150,3368294525,9122863061,,u
rmckibbenic,Dr.,Arv,Blonden,12 Springs Avenue,,Sacramento,CA,94230,9167277282,,,l
rminillorp,Prof.,Clari,Von Welldun,85 Artisan Circle,,North Port,FL,34290,9412600533,,,y
rnethercliftkt,Mrs,Ilario,Harsum,41233 Monterey Crossing,,Toledo,OH,43656,4194502339,,,u
rnewbatt1f,Mr,Tibold,Coltart,29355 Paget Place,,Tacoma,WA,98405,2538731880,3035534833,,n
rohagirtief1,Mr,Maribel,Matejic,5 Shoshone Point,,San Diego,CA,92121,6193263194,,,b
rortaqu,Dr.,Lisle,Maddams,132 Kensington Circle,,Tucson,AZ,85754,5203161824,5011980752,,m
rpersian8u,Dr.,Gal,Carillo,30 Duke Crossing,,Des Moines,IA,50305,5159457559,5629702360,,o
rpledger4t,Dr.,Julie,Attreed,7065 East Junction,,Oakland,CA,94605,5109795124,,,d
rrathor,Ms,Giulio,McKeran,903 Weeping Birch Lane,,Oakland,CA,94605,5102006634,,,t
rrichen4q,Dr.,Isidore,Bagshaw,25 Evergreen Terrace,,Philadelphia,PA,19172,2154308823,,,e
rrillstoneds,Mr,Darleen,Kirkwood,37 Warrior Avenue,,Scranton,PA,18505,5707985064,,,w
rrosettini7n,Mrs,Darci,Tyrrell,6390 Orin Junction,,Los Angeles,CA,90055,2137948000,,,b
rscowen31,Mr,Hadley,Kristoffersen,43829 Graedel Road,,Portland,OR,97240,9716974380,4086121849,,h
rsearchwellcu,Dr.,Tyrone,Bugg,02 Sunfield Avenue,1237 Londonderry Junction,Huntington,WV,25721,3047261295,5043155105,2031355897,x
rserfatid,Mr,Kizzie,Bowyer,63 Fair Oaks Place,,Syracuse,NY,13224,3159780699,9565202975,,e
rsharkey77,Ms,Libby,Heminsley,565 Myrtle Junction,,Chula Vista,CA,91913,6194355487,,,j
rsimonnetli,Dr.,Tomi,Clavey,3 Northwestern Center,,Indianapolis,IN,46231,3176981499,9202855374,,i
rskakunas2m,Ms,Brenden,Bancroft,1377 Bluejay Lane,,Sioux Falls,SD,57198,6051021082,,,r
rsmithen3l,Mrs,Maude,McGahy,355 Macpherson Plaza,,Atlanta,GA,31119,7706754315,,,r
rstauntonbt,Prof.,Adelind,Courtonne,689 Macpherson Dr.ive,,Kansas City,MO,64114,8167244199,,,a
rstebbings16,Mr,Jules,Akenhead,527 Golf View Street,,Dayton,OH,45414,9373883512,,,m
rsynnottmm,Ms,Elaina,Dinsale,82 Northwestern Avenue,,Macon,GA,31296,4788870011,8629028251,,b
rtintonjl,Ms,Lothaire,Trusler,4 Michigan Center,,Brockton,MA,2405,5082156859,,,w
rtremlettgi,Mr,Ginevra,Idenden,417 Glendale Lane,,Houston,TX,77090,8324590932,,,q
rtremmildf,Ms,Amberly,McQuorkel,72 Raven Way,,Atlanta,GA,31190,4047458841,3479861101,,b
rvineyb2,Mr,Humphrey,Bringloe,14 Darwin Street,,Panama City,FL,32412,8506414959,,,x
sarent3i,Mrs,Ike,Heimann,1 Pond Park,,Troy,MI,48098,2485884820,,,s
sbaggalleym,Prof.,Carma,Lount,6 Aberg Center,,Kansas City,MO,64125,8167614958,,,i
sbainsql,Prof.,Inger,Eckh,43854 Northridge Dr.ive,,Raleigh,NC,27658,9199120912,,,g
sbaldree1c,Dr.,Jarid,Chomicki,75660 Ramsey Street,,Spokane,WA,99220,5095342749,,,e
sbattersbyld,Mr,Xaviera,Oxford,82613 Crescent Oaks Alley,,San Rafael,CA,94913,4157781910,,,q
sbernolletmj,Mr,Mersey,Merwood,1644 Kensington Point,,Atlanta,GA,30336,4047144830,,,r
sbickfordeq,Dr.,Englebert,Juliff,9827 Schurz Park,,Fresno,CA,93786,5597647529,,,g
sboutsdj,Prof.,Derward,Philippon,9792 Delaware Avenue,,Canton,OH,44705,3303603845,2054285425,,b
sbrave6q,Prof.,Joyous,Macklam,14143 Chinook Street,,Houston,TX,77075,8327535734,,,x
sbreartyk4,Dr.,Crystie,Hatrick,35130 Red Cloud Dr.ive,,Tacoma,WA,98411,2531894098,,,u
scaddick7u,Dr.,Jazmin,Elflain,38 Schmedeman Plaza,,Jacksonville,FL,32244,9049107434,,,v
scadman0,Dr.,Tedmund,Fullerd,684 Sachs Junction,,El Paso,TX,79928,9151322609,,,t
scasperri5g,Dr.,Micki,Lander,744 Sunfield Terrace,,Rockford,IL,61110,8155688027,8165107191,,y
schattertonpw,Ms,Brigitta,Runham,5191 Kenwood Place,,New York City,NY,10060,6469055397,,,m
sdent7j,Ms,Lonni,Kubicek,629 Pepper Wood Dr.ive,18685 Tomscot Way,Saint Paul,MN,55115,6513853461,5719641582,7858233368,z
sdonaldson3o,Mr,Mayne,Kerner,72 Blue Bill Park Center,,Modesto,CA,95397,2092151116,,,b
sfermoyih,Mrs,Holly,Clingoe,110 Bobwhite Trail,,Fort Worth,TX,76121,8178821649,,,u
sflowithbj,Prof.,Lula,Brammar,5172 Novick Street,,Hartford,CT,6160,8602212639,,,w
sgarbottc,Dr.,Sena,Richter,283 Saint Paul Crossing,,Anderson,IN,46015,7656231190,2604065061,,t
sgindghilljm,Mrs,Mike,Starrs,3605 Village Junction,,Waco,TX,76796,2547991898,5155493450,,d
sheinzel6f,Prof.,Lauraine,Cattellion,747 International Hill,,White Plains,NY,10606,9144202086,6519506235,,h
sjurickiw,Mrs,Eleanora,Cheverton,62894 Coleman Pass,,Richmond,CA,94807,5105282649,,,x
sjustunlg,Ms,Myrtie,Caddan,65110 Forest Lane,,Sioux City,IA,51105,7124997888,,,r
skitcattc3,Mrs,Sydel,Gimbrett,1225 Forster Court,,Washington,DC,20599,2021139023,,,i
slaitg0,Mrs,Brit,Nenci,4884 Kedzie Dr.ive,,Pittsburgh,PA,15225,4121880757,8019302955,,o
sleaked8,Dr.,Tawsha,Fenck,3906 Texas Hill,,Danbury,CT,6816,2033331472,6193411490,,s
slereroh,Prof.,Bibbie,Showers,77 Shopko Court,,Boise,ID,83711,2087942947,7198097359,,p
slouedeyml,Dr.,Codi,Coronas,7297 Bartillon Junction,,New Haven,CT,6538,2033777593,8051822470,,b
smacgillreich1j,Ms,Giacomo,Ledford,4987 Bashford Junction,,San Antonio,TX,78220,2106579504,4845015686,,n
smattaser37,Dr.,Jenny,MacGeaney,33 Kenwood Pass,,Fresno,CA,93786,5591154808,,,o
smcconnelp2,Prof.,Sarge,Goodge,859 Ohio Center,9 Thierer Plaza,Saint Paul,MN,55103,6516426212,5046245764,7025880696,j
smcmurthyb,Dr.,Glynda,Rosgen,8 Eagle Crest Point,,Albuquerque,NM,87110,5055387273,,,z
smcrinn1p,Mr,Linette,Elia,0887 Lien Center,,Bloomington,IN,47405,8127735609,,,g
smechellqy,Mrs,Chelsea,Schorah,77 Sutteridge Point,,Lexington,KY,40524,8592688617,,,m
smedcraft38,Ms,Kimball,Waiting,5473 Marcy Hill,,Charleston,WV,25326,3044576987,,,b
solenichevm1,Dr.,Filmer,Ridger,545 Bowman Circle,,Herndon,VA,22070,7578271703,,,u
spavey9a,Prof.,Fay,GoDr.idge,67422 Summer Ridge Crossing,,Worcester,MA,1605,5083767787,,,z
spendlebery49,Prof.,Jacinta,Dymidowicz,0081 Acker Terrace,8 Dawn Parkway,Battle Creek,MI,49018,2697108635,,7754139485,y
spenhaligonan,Prof.,Oby,Jerdon,7 Becker Hill,,Waco,TX,76705,2546886310,,,o
sphizackleajb,Mr,Xenos,Shiell,300 Forest Street,,Kingsport,TN,37665,4233104226,,,y
spiddlehintonq8,Dr.,Eolande,Prestner,65685 John Wall Alley,,Oklahoma City,OK,73129,4053786354,3149713006,,j
spierrily,Ms,Alix,Dunbobin,78277 Merchant Terrace,,Dayton,OH,45454,9376257408,,,e
spossekf3,Dr.,Valencia,Walshe,24 Nova Dr.ive,,Washington,DC,20299,2027802913,,,t
sprobin6h,Mrs,Godwin,Gemson,1 Arizona Plaza,,New Hyde Park,NY,11044,5166644845,,,y
sraubheimj9,Prof.,Massimo,McMullen,0 Vermont Street,,Pittsburgh,PA,15261,4121840154,,,b
srawlingsonh,Prof.,Stacia,Jills,5 Caliangt Street,,Anaheim,CA,92812,7149359033,,,u
srentelllbe,Dr.,Kathye,Dallin,8 Colorado Court,,Las Vegas,NV,89115,7028370354,,,n
sruddinfq,Mrs,Martina,DunDr.edge,7458 Pierstorff Park,,Madison,WI,53785,6083268361,8322008267,,p
sruse3,Mrs,Vallie,Fudge,49913 Mariners Cove Center,,Fargo,ND,58122,7012105908,,,c
ssagersondp,Dr.,Joann,Braunlein,4673 Haas Parkway,,Detroit,MI,48206,7347903495,,,w
ssavery1v,Mrs,Nerti,McAster,87 Continental Way,,Pasadena,CA,91131,6262651067,,,a
sschollerj7,Ms,Eachelle,Capstick,9 Sunnyside Way,,Greensboro,NC,27415,3369349486,,,o
sschwandermann57,Dr.,Burnaby,Stonhard,868 Havey Plaza,,Erie,PA,16505,8148820702,8103278039,,i
sscneiderad,Dr.,Tamarra,Ticksall,8892 Corscot Point,,Dayton,OH,45440,9374885165,,,q
sshanahan5r,Prof.,Brinna,Lappin,61024 Sutherland Point,,Chicago,IL,60604,3121541486,,,e
ssheerinfx,Mrs,LeanDr.a,Crasswell,40083 Claremont Circle,,Detroit,MI,48206,7341721943,,,p
sskirvinge,Ms,Cassy,Pinke,06 Dapin Avenue,,Brooklyn,NY,11236,9174072309,,,q
sstannas5z,Dr.,Saxon,Magovern,14 Hayes Junction,,Houston,TX,77201,8322124664,,,d
sswayton7l,Prof.,Brynna,Dickins,3 Mcguire Way,,Toledo,OH,43635,4196451343,,,r
stiltci,Prof.,Michel,Wyman,9947 Manufacturers Point,0102 Elmside Terrace,Omaha,NE,68105,4026386570,,3191429978,l
strowc8,Prof.,Devin,Clarycott,414 Monument Junction,,Abilene,TX,79605,3252932935,,,r
sverheijden8s,Mr,Lanie,Berka,1 Old Gate Parkway,,Hollywood,FL,33028,3059155728,,,f
swestlakege,Dr.,Allsun,Shore,760 Coleman Plaza,,Brooklyn,NY,11205,7182274205,,,y
syukhinkf,Mrs,Aguie,Duthie,0 Weeping Birch Parkway,,Pittsburgh,PA,15220,4121203673,,,x
tbandeya6,Prof.,Benn,Storre,884 Sutteridge Terrace,9924 Lotheville Road,Warren,OH,44485,3305006731,,2126058720,x
tbarnwillqm,Prof.,Jemima,Greenway,61579 Briar Crest Crossing,,El Paso,TX,79940,9159186240,,,d
tbrafieldka,Mrs,Tiphany,Tregido,22 Pearson Court,,Des Moines,IA,50320,5152323214,9163662660,,k
tbrierly8a,Mrs,Sande,Linsley,2658 5th Court,,Oklahoma City,OK,73129,4059486583,,,v
tcardr,Dr.,Jermaine,Darlow,65772 Gina Parkway,,Fort Lauderdale,FL,33336,7547609281,,,t
tchilders9z,Dr.,Seline,Belmont,6185 Annamark Place,,Saint Petersburg,FL,33731,7275864302,,,i
tchilds32,Prof.,Clemente,Sidebotton,6 Sachtjen Point,,Norfolk,VA,23551,7573497048,,,f
tcocklieeo,Prof.,Lee,Thistleton,6 Del Sol Pass,,Jacksonville,FL,32277,9044512513,4345790723,,q
tcockrillc7,Dr.,Rori,McGilbon,0 Kedzie Pass,,Huntington,WV,25775,3043823953,7063134249,,g
tcowlishawm7,Dr.,Lari,Sidden,32 Duke Place,,El Paso,TX,88553,9152215028,,,k
teassonjf,Prof.,Rafaelita,Tidcomb,3 Jay Center,,San Diego,CA,92115,6191899289,,,o
tedmenson6u,Mr,Garwood,Meachan,0982 Eagan Center,,Rochester,NY,14604,5857119586,3032983423,,n
tfairholmefo,Prof.,Theadora,Ludlem,52485 Pine View Trail,,Baltimore,MD,21211,4103301265,,,h
tferrolih3,Mrs,Sydney,Surgey,946 Clemons Crossing,,Miami,FL,33158,3058113647,,,f
tgounotof,Dr.,Angeli,Bluett,942 Lukken Plaza,,Hartford,CT,6120,8609818689,,,c
tgreener7y,Mr,Vassili,Moppett,04 Chive Street,,Corpus Christi,TX,78410,3611375603,,,i
thamner5s,Dr.,Dalis,Caplis,71760 Onsgard Point,6 Sommers Circle,San Jose,CA,95123,4085556537,,5628048852,j
thartnupj5,Dr.,Muriel,Bangiard,64468 Thackeray Circle,,Dallas,TX,75353,2141581832,7184588400,,t
tholdrendn,Dr.,Durante,Pevie,8320 Claremont Road,,Trenton,NJ,8638,6093737858,,,x
tmacgibbonib,Ms,Charita,O' Dornan,64 Canary Street,,Worcester,MA,1605,5084463350,2059139063,,j
tmacnally9l,Prof.,Eada,Bertomeu,270 Arapahoe Dr.ive,,Brooklyn,NY,11231,7189854940,9496887520,,n
tmccurrieh7,Mrs,Billye,Simonnot,03 Crescent Oaks Junction,,Houston,TX,77065,2814091745,,,b
tmizzien,Dr.,Jennine,Ingliss,44 Sullivan Pass,,Oklahoma City,OK,73142,4053001301,2081328378,,t
tolivazzif9,Ms,Germaine,Attlee,90789 Saint Paul Street,,Brooklyn,NY,11205,7187120919,8167436704,,w
torganercf,Mrs,Godard,Reggiani,2 Oneill Place,,Fort Worth,TX,76192,6824834905,7042992383,,s
tpeakerfd,Dr.,Toby,Pavie,7 Northland Plaza,,Las Vegas,NV,89115,7025310761,,,g
tprendivilleet,Prof.,Lorene,Concannon,76906 Riverside Way,,West Palm Beach,FL,33416,5614844213,,,i
tpullan5q,Dr.,Simonette,Binnie,395 Colorado Plaza,,Richmond,VA,23203,8045194566,,,q
tridgewellca,Mrs,Adara,Temple,285 Northland Lane,,Seattle,WA,98148,2067278389,,,v
trobelethl,Dr.,Hube,Wehnerr,09790 Meadow Ridge Street,,Roanoke,VA,24034,5403721763,,,p
tsatchk7,Mr,Barnett,O'Howbane,2577 Hansons Plaza,,New York City,NY,10090,2127227325,,,v
tsatterleeg6,Prof.,Gloria,Gasgarth,482 Golden Leaf Circle,,Spokane,WA,99205,5092108706,9046518496,,p
tschofflerjq,Mr,Will,Riddick,9462 Florence Junction,,Springfield,MA,1152,4137275105,,,u
tspreagns,Mrs,Mersey,O'Mailey,052 Tennessee Plaza,,Knoxville,TN,37939,8654991816,,,r
twhistlecraftgp,Ms,Odelle,Newman,499 Merry Park,,Sacramento,CA,94286,9161605045,,,l
twoodiero2,Ms,Colleen,Fortie,233 Green Ridge Parkway,,Houston,TX,77005,8328219914,3237646992,,f
udunsmoreei,Ms,Tomlin,Bromell,80844 American Ash Court,,Lima,OH,45807,4196024071,,,q
umechem9d,Dr.,Becky,Courtenay,46163 Magdeline Street,,Inglewood,CA,90310,3104557692,3364662497,,k
umithonq7,Dr.,Gal,MacGow,45 Autumn Leaf Avenue,,Phoenix,AZ,85072,6022767245,,,m
usquibbs4k,Ms,Zechariah,Stubbings,633 Corry Center,,AlexanDr.ia,VA,22333,5718805130,,,f
valan9u,Dr.,Corliss,Broxis,737 International Plaza,8 Clarendon Crossing,Missoula,MT,59806,4062216997,2024490110,5052518103,j
vatteridge9y,Ms,Blanca,Lilloe,098 Dwight Avenue,,Columbia,SC,29208,8034039954,,,r
vberensg8,Prof.,Randell,Johanssen,164 Arkansas Avenue,,Fort Worth,TX,76129,8171462126,,,j
vbinley6n,Mr,Martguerita,Iffland,392 Raven Point,,Portland,OR,97201,9714540232,,,r
vcockerdi,Mrs,April,Cyseley,5 Riverside Avenue,,Minneapolis,MN,55428,6124969488,,,t
vdiangelomf,Mr,Rafaelita,Kahler,6544 Pine View Court,19 Annamark Pass,Lincoln,NE,68531,4023784546,4198249199,3046530853,x
vdymickat,Ms,Gerrie,Hicklingbottom,2 Shopko Court,,Lehigh Acres,FL,33972,8638090067,,,n
vegelpy,Dr.,Nicholle,Akester,5 Merry Pass,,Melbourne,FL,32941,3216256293,,,s
vgansbuhlerhz,Prof.,Lin,Raselles,2 Lake View Hill,,Roanoke,VA,24014,5402550115,2027453517,,y
vhubbockspb,Dr.,James,Fardy,328 Sheridan Alley,,Dulles,VA,20189,5711858093,2129047000,,o
vjanawayer,Prof.,Rosy,Dood,7622 Hanson Street,,Oklahoma City,OK,73179,4058795946,5125095554,,f
vklaves69,Dr.,Bren,Hudspith,7 Mesta Alley,,Johnstown,PA,15906,8146663023,8313064679,,k
vpaul8v,Dr.,Tiphany,Dmitr,4432 Vahlen Terrace,,Austin,TX,78726,5127245350,,,v
vpetreczh6,Ms,Zack,Rosle,007 Warner Junction,,Miami,FL,33147,3059328597,,,z
vprestidge1h,Dr.,Wyatan,Bartoletti,0 Eggendart Road,,Detroit,MI,48258,3139760851,,,l
vsawood2n,Mr,Keeley,Akers,94 Crest Line Crossing,,Fort Lauderdale,FL,33310,7546028898,8592311011,,g
vvynollc0,Prof.,Chiarra,Costar,2068 Park Meadow Court,,Albuquerque,NM,87105,5056115355,,,f
vweathersoy,Dr.,Bendick,Crookall,51781 Vera Point,,Baltimore,MD,21281,4109047936,,,t
vwillishirebw,Dr.,Martica,Iveagh,35 Stuart Pass,,Mesa,AZ,85205,4806524332,,,p
vwohlermi,Ms,Fey,Searchfield,4717 Darwin Park,,Cincinnati,OH,45213,5138939228,,,r
wbandtqo,Prof.,Stillman,Badsey,2 Washington Court,,Rochester,NY,14604,5859987801,,,k
wcaesar54,Mrs,Erhard,Fay,59887 Kings Terrace,,Minneapolis,MN,55407,6129711475,,,p
wdeyemd,Mrs,Cory,BranDr.eth,09895 Mendota Pass,,Newport News,VA,23605,7573906623,2124238856,,o
wdreier2q,Dr.,Goraud,Week,8930 Garrison Place,,Bowie,MD,20719,2404710007,8016495936,,r
wgarnhamp,Mrs,Kassia,Fancourt,28 Northwestern Park,,Atlanta,GA,30306,4048021086,,,c
whellcatqg,Mrs,Lewie,Joderli,2982 Old Shore Crossing,,Washington,DC,20051,2025096564,,,j
wkapelhof2a,Ms,Reyna,Cleugh,40613 Sutherland Court,,Hartford,CT,6152,8606328980,,,h
wlissendennc,Prof.,Agosto,Iddison,740 Mayfield Dr.ive,,Amarillo,TX,79188,8066580526,,,m
wmaccauley5k,Prof.,Nonie,Puleque,682 Cherokee Junction,,Birmingham,AL,35279,2058691743,,,s
wmeighanir,Mrs,Bendicty,Senogles,85641 Delladonna Street,,Indianapolis,IN,46278,3174231046,,,q
wpuvia5w,Mrs,Lorne,Laxson,472 Bellgrove Terrace,,Gulfport,MS,39505,2288164591,,,v
wrubenovrd,Dr.,Launce,Harris,6 Hollow Ridge Pass,,Columbus,GA,31904,7068076094,,,z
wsedgerqt,Ms,Bo,Abrahamsohn,668 4th Parkway,,Waco,TX,76705,2549424998,8185963446,,v
wspottiswoodek2,Prof.,Merrile,Guiducci,76293 Cascade Junction,,Juneau,AK,99812,9072828311,,,g
wtunnochow,Dr.,Jana,Stennett,8 Brickson Park Trail,,Vero Beach,FL,32964,7729614764,,,u
xwalthewiz,Mr,Edin,Lamyman,68 Iowa Way,,Cincinnati,OH,45296,5132534472,2035254352,,s
xwattf4,Mrs,Danya,Bamfield,25 Forster Lane,,Charleston,WV,25331,3043685395,9549139815,,n
yderkesfb,Prof.,Filbert,Cline,303 Fuller Crossing,,Pittsburgh,PA,15250,4129202123,4141528871,,r
ywrightonfm,Prof.,Nessi,Antham,9101 Susan Parkway,,Warren,OH,44485,3308596437,,,y
zacklandscd,Prof.,Bear,Balas,32272 Barby Lane,,Philadelphia,PA,19136,2673353000,,,r
zcarvellbs,Mr,Ara,Gooderham,54252 Marcy Place,,Wichita,KS,67210,3162138452,9164913108,,n
zdomelaw65,Ms,Madelyn,Zannini,5805 Fair Oaks Way,,Lakewood,WA,98498,2533540188,,,u
zguddelm,Mr,Salvidor,Toop,7 Loftsgordon Hill,,Toledo,OH,43605,4193223605,,,f
zhadleepr,Dr.,ElDr.idge,Desmond,56 Vera Dr.ive,,Portsmouth,NH,3804,6038798599,,,r
zkinkead7v,Prof.,Alanna,McGeever,47 Talisman Parkway,920 American Ash Avenue,Los Angeles,CA,90040,3236566005,2025268856,2056757515,k
zmcmenamin9s,Ms,Laurent,Hayton,8 Cordelia Parkway,,Silver Spring,MD,20910,2402298554,9515055410,,k
